id,ra_deg,dec_deg,mag,x,y,z,u,v
1,0.01367775,1.08901332,9.100,0.999819346433,0.000238678650359,0.019005723646,319.715,217.298
6,0.27212160,3.94648893,12.310,0.997617512132,0.00473813808137,0.0688247741407,314.328,157.609
14,0.72407835,0.36042119,7.250,0.999900363433,0.012636964835,0.00629049497256,304.907,232.487
18,0.79708845,4.05373813,11.030,0.997401660717,0.0138765654881,0.0706920655329,303.385,155.356
21,0.99353535,8.00723437,7.550,0.990101612053,0.017170541509,0.139298134638,299.289,71.979
31,1.47140850,2.67547768,7.630,0.998580567461,0.02565010971,0.0466789263122,289.324,184.174
33,1.48771245,10.46245445,8.100,0.983042634366,0.025530912385,0.181591165894,288.984,19.393
44,1.99083450,3.30636174,7.910,0.997732820722,0.0346817986295,0.0576748758001,278.487,170.965
51,2.15085660,1.06619726,8.940,0.999122460605,0.0375242152267,0.0186075787079,275.147,217.758
56,2.44247625,0.22293899,8.120,0.99908394788,0.0426160196741,0.00389100958822,269.059,235.349
81,3.65796645,4.93211471,8.570,0.994267498646,0.0635639609052,0.0859753686297,243.651,136.731
82,3.72047595,10.93580540,9.500,0.979771115095,0.0637105717422,0.189709053747,242.342,8.761
87,3.92273340,5.83497569,7.800,0.992488186624,0.0680566897368,0.10166359424,238.108,117.669
91,4.20852705,5.87433293,7.660,0.992066491883,0.0730012514015,0.102346924612,232.121,116.794
93,4.38333825,0.07592034,8.120,0.997074144822,0.0764290124606,0.00132505951448,228.456,238.413
109,5.19903015,6.79149102,7.230,0.988897881991,0.0899798796142,0.118256501975,211.335,97.186
118,5.79728685,9.43003605,9.200,0.981441014454,0.099644188955,0.163843128494,198.749,40.629
129,6.23403510,5.37275092,9.320,0.98971922266,0.10811280883,0.0936348271976,189.544,127.014
134,6.37710825,1.13997217,9.960,0.993615676214,0.111049893041,0.0198949550793,186.526,216.088
135,6.40118880,0.21749947,8.640,0.993758445946,0.111488748056,0.00379607275578,186.018,235.438
145,6.83983680,3.02747891,5.130,0.991497196649,0.118928114379,0.0528148903883,176.751,176.385
154,7.34947590,6.01397169,4.370,0.986325942469,0.127217049707,0.104770976303,165.964,113.142
157,7.50491520,5.21399723,8.510,0.987331333477,0.130070804642,0.0908758698083,162.669,130.078
159,7.66216725,2.76616306,6.930,0.98991667117,0.133176447457,0.0482599003542,159.333,181.778
168,8.00282880,2.81984528,9.560,0.98906214601,0.139053416283,0.0491957188226,152.098,180.598
180,8.56353465,9.17489501,8.470,0.976200209046,0.147000958389,0.159448644059,140.163,44.935
184,8.84663475,11.00634091,8.480,0.969928417886,0.15096132778,0.19091763065,134.124,4.926
185,8.85225300,10.78564387,8.530,0.970633047327,0.151168481942,0.187135185107,134.004,9.751
186,9.01046880,8.95683360,6.330,0.975616136662,0.154705152555,0.15569030046,130.625,49.419
187,9.03171270,6.05918213,8.990,0.982084264164,0.156104126188,0.105555671889,130.171,111.640
188,9.03756780,6.33313676,8.640,0.981558643244,0.156123419976,0.110309145618,130.046,105.788
190,9.08334630,10.77665206,8.740,0.970044428362,0.155086768335,0.18698101853,129.067,9.801
192,9.29746755,8.39393024,8.160,0.976291388968,0.159829537621,0.145978226906,124.487,61.431
194,9.35984070,8.48557854,5.700,0.975885175877,0.160854068732,0.147560469219,123.152,59.420
205,9.68566695,5.18664439,8.540,0.981709450045,0.167553921331,0.0904004377136,116.170,130.027
210,9.93223005,8.48794379,9.050,0.974223559672,0.170593998824,0.147601298587,110.877,59.062
219,10.35343875,6.03445242,8.560,0.978266927821,0.178723937015,0.10512645847,101.816,111.663
223,10.44377880,3.86040514,9.010,0.981201884412,0.180859328707,0.0673258141092,99.870,158.055
224,10.44616755,2.13037640,7.170,0.98274597531,0.181186306726,0.0371735156625,99.818,194.826
236,11.06724855,0.89382979,8.090,0.98128313438,0.191937649807,0.0155996400264,86.405,221.015
239,11.14761000,3.38193739,8.560,0.979423682122,0.193000604542,0.0589916735159,84.666,168.069
240,11.15652885,9.79522025,10.810,0.966799825526,0.190669350884,0.170127293507,84.472,29.847
241,11.27950440,9.13829706,8.760,0.968237713008,0.193112829186,0.158818028931,81.808,44.109
245,11.45373105,7.81552594,8.520,0.970981398135,0.196731963824,0.135984039082,78.030,72.747
247,11.48292345,8.26141340,9.190,0.9698145739,0.197010013407,0.143689759093,77.396,63.056
248,11.48627085,8.27080462,8.100,0.969779969099,0.197061980092,0.143851963966,77.324,62.850
263,12.43856805,4.68713578,12.040,0.973261766694,0.214672389919,0.0817147385559,56.583,139.731
267,12.53116680,4.14573041,8.090,0.973623859617,0.216402925621,0.0722935250682,54.558,151.324
294,13.75734675,3.90700467,7.890,0.969054213895,0.237257758806,0.0681372616037,27.605,156.028
7139,345.33879165,2.72372228,9.280,0.966346405881,-0.252817071501,0.0475200189252,632.443,181.273
7144,345.51041535,1.34183818,9.640,0.967927637374,-0.250135396059,0.0234173535031,628.624,211.107
7151,345.93296835,3.68516191,7.410,0.9680063355,-0.24255433157,0.0642738723663,619.246,160.704
7155,346.15857855,1.57205352,8.110,0.970596125364,-0.239145423055,0.0274340675007,614.253,206.244
7191,347.77989915,3.03241518,7.950,0.97597318862,-0.21137130203,0.0529009241128,578.646,175.267
7204,348.26510685,8.14941316,9.160,0.969211966404,-0.201329790982,0.141754997948,568.077,65.330
7205,348.29784255,4.77449845,8.690,0.975817301689,-0.20212036849,0.083234310026,567.365,138.133
7213,348.68019240,0.12690074,7.920,0.980544454798,-0.196284657261,0.00221483392541,559.065,237.302
7215,348.80857620,5.38223908,8.890,0.976659145895,-0.193231802233,0.093799698001,556.283,125.302
7217,348.96947160,9.01467905,6.600,0.969401801369,-0.188968711085,0.156687503438,552.800,46.969
7238,349.89168690,8.20881472,6.310,0.97439103874,-0.173711344239,0.142781205019,532.908,65.001
7255,350.79568830,6.56664823,8.350,0.980648204148,-0.158906085005,0.114358890556,513.520,100.731
7259,350.91407055,9.51508652,9.690,0.973867351311,-0.155742990628,0.165307298452,510.988,37.283
7262,351.02896890,1.86554789,8.630,0.987243763266,-0.155852417168,0.0325542002638,508.533,200.620
7265,351.09939195,2.35922888,9.270,0.987120806205,-0.15458972578,0.041164677089,507.029,190.197
7271,351.42081720,7.02514279,5.750,0.981387226304,-0.148056161995,0.122304885195,500.170,91.166
7272,351.46596885,10.90437833,7.970,0.971072071564,-0.145717402192,0.189170480064,499.208,7.352
7273,351.55725345,7.16786672,9.730,0.981432598271,-0.145673621724,0.124776804672,497.263,88.165
7276,351.59112660,3.77215239,8.260,0.987106548787,-0.145919423681,0.0657889286657,496.541,160.405
7288,352.23535020,8.99362761,8.150,0.978649839732,-0.133443269572,0.156324614179,482.842,49.235
7290,352.24911450,2.56538999,8.850,0.989870758983,-0.134731079607,0.0447595430973,482.550,185.999
7291,352.43235615,10.42386319,9.980,0.974930017999,-0.129523114244,0.180928778479,478.661,18.368
7298,352.62671745,1.68574858,9.840,0.991301899829,-0.128277617383,0.0294176184457,474.541,204.560
7302,352.74449790,4.12880910,8.150,0.989418314166,-0.125966460014,0.0719989621138,472.045,153.095
7307,352.97476650,2.44658838,8.900,0.991587676616,-0.122194968029,0.0426880471755,467.170,188.587
7315,353.52184545,6.27252304,8.380,0.987666635085,-0.112148954384,0.109257631175,455.607,107.889
7319,353.71353390,8.45759045,8.080,0.983177240144,-0.108308715971,0.147077314731,451.562,61.347
7323,353.84743365,10.91836311,8.900,0.976242357452,-0.105236188717,0.18941014783,448.737,8.291
7336,354.68399460,0.23269304,7.870,0.995690644462,-0.0926479724093,0.0040612485302,431.124,235.129
7342,355.02249225,4.58476959,9.580,0.99304106442,-0.0864870331528,0.0799339569387,424.011,143.869
7345,355.36449930,7.37501187,9.260,0.988483294847,-0.0801479414505,0.128363091616,416.832,84.916
7347,355.38407145,6.58640513,8.050,0.990177960339,-0.0799448903263,0.114701444495,416.422,101.658
7349,355.41445335,2.03359617,7.470,0.996171284987,-0.079897124183,0.0354854972549,415.784,197.458
7352,355.54644510,0.94542483,6.900,0.996844883019,-0.0776403780027,0.0165000273306,413.016,220.232
7357,355.70693115,3.52380859,6.440,0.99530884556,-0.0747165645188,0.0614632974753,409.651,166.251
7361,355.78561740,8.27487179,6.960,0.986913216174,-0.0727234554855,0.143922210807,408.002,65.841
7363,355.83915765,7.39138121,9.130,0.989076724191,-0.0719536784193,0.128646421734,406.880,84.666
7370,356.37511770,0.01942093,8.060,0.99799930844,-0.0632239310745,0.000338959165809,395.657,239.594
7377,356.64650580,2.33533710,7.440,0.997458512888,-0.058447519779,0.0407480367482,389.979,191.212
7386,357.40911510,7.57919730,8.690,0.990250198551,-0.0448091372531,0.131896495363,374.040,80.931
7387,357.43564440,10.27850061,12.230,0.982966729331,-0.0440234987105,0.178433014295,373.486,23.213
7389,357.51100755,1.28062277,9.540,0.998807043781,-0.0434166043303,0.022349222867,371.912,213.277
7407,358.33506855,10.56175465,8.070,0.982642901917,-0.028562203516,0.183295193178,354.713,17.232
7409,358.41149085,5.01123239,8.740,0.995794756428,-0.0276152016144,0.0873510372603,353.119,135.240
7422,358.80682560,5.07746687,7.790,0.995859970574,-0.0207416049014,0.0885025696519,344.874,133.866
7434,359.40411870,10.69424666,9.690,0.982578294097,-0.0102192717635,0.185567945655,332.421,14.455
7443,359.73561405,1.27501927,8.270,0.999741762174,-0.00461324645244,0.0222514476635,325.511,213.419
113510,345.15783182,0.18583971,6.220,0.966630040765,-0.256155897725,0.00324350913328,636.477,235.993
113567,345.31827027,1.08445225,8.370,0.967175354087,-0.253404096185,0.0189261322757,632.900,216.630
113573,345.34605720,0.12135943,7.800,0.967469253261,-0.252979757218,0.00211812004804,632.281,237.385
113605,345.43150931,3.53103820,6.440,0.966010266936,-0.251059614082,0.0615892389199,630.379,163.859
113627,345.48084087,2.68602462,7.630,0.967000284099,-0.250428289502,0.0468628036932,629.282,182.124
113636,345.51058671,1.20927392,9.240,0.967978251769,-0.250145387655,0.0211042445482,628.620,213.962
113637,345.51312560,0.39864689,8.860,0.968181538147,-0.250152154441,0.00695764464689,628.564,231.418
113640,345.52456683,3.85045713,8.810,0.966069282704,-0.249400625124,0.0671525815156,628.309,156.986
113670,345.60128208,0.43918199,7.380,0.968560271193,-0.248660908388,0.00766509668017,626.604,230.549
113673,345.61084259,0.59792351,7.850,0.968577461949,-0.248493057481,0.0104355445091,626.392,227.133
113734,345.78440495,0.42920986,7.780,0.969351345842,-0.245564354918,0.00749105517603,622.539,230.771
113779,345.93758159,2.60893157,8.140,0.969026148091,-0.242726947694,0.0455187124083,619.144,183.901
113789,345.96919380,3.82006998,4.480,0.968009990652,-0.241904896144,0.0666234134411,618.444,157.805
113796,345.98785818,4.79495356,6.680,0.966848800911,-0.241280118438,0.0835900749128,618.030,136.749
113809,346.01258061,1.07421178,9.830,0.970178284985,-0.241666358975,0.0187474340692,617.483,216.923
113813,346.02160961,3.29340535,7.400,0.968784243714,-0.241156977606,0.0574491190772,617.283,169.180
113831,346.07694891,1.89985396,9.120,0.97008620585,-0.240486291258,0.0331526309109,616.058,199.186
113856,346.16186389,3.49449517,9.330,0.969169922786,-0.238735075587,0.0609526410487,614.180,164.891
113865,346.19644716,5.16316756,8.580,0.96717912659,-0.23762557155,0.0899923598687,613.416,128.879
113876,346.23820006,4.59993314,7.350,0.968164536101,-0.23711969581,0.0801977611605,612.493,141.074
113878,346.24691736,5.19622967,8.800,0.967337467208,-0.23676113424,0.090567046155,612.301,128.188
113880,346.25029753,4.22579562,7.070,0.968702613041,-0.237034689811,0.0736871991194,612.226,149.155
113905,346.32338622,1.30717903,6.390,0.97139284623,-0.236380040669,0.0228125988545,610.612,211.954
113921,346.36470357,1.76284699,8.590,0.97135601675,-0.235629262425,0.0307626301354,609.700,202.178
113962,346.49599046,5.65813797,9.400,0.967616148899,-0.232375701816,0.098592705594,606.804,118.314
113969,346.53709835,4.68670026,9.260,0.969269129368,-0.232037269451,0.081707162716,605.898,139.327
113997,346.63581164,0.19606931,9.330,0.972914841148,-0.231138489783,0.00342204834264,603.723,235.799
114018,346.67038326,4.19952737,10.610,0.970447241344,-0.229933736571,0.0732299703282,602.962,149.881
114019,346.67429896,4.20088229,9.130,0.970461267802,-0.229867014663,0.0732535546304,602.876,149.854
114025,346.69407579,5.03589266,7.560,0.969398609422,-0.2292619573,0.087779786887,602.441,131.859
114047,346.76106633,3.05220759,6.980,0.972042641487,-0.22868751474,0.0532458799703,600.967,174.582
114101,346.91888837,2.10539636,9.380,0.9733930887,-0.226177423168,0.0367378295388,597.497,194.926
114106,346.92813889,6.59967738,9.180,0.967632288414,-0.224674189923,0.114931557026,597.294,98.151
114108,346.93060085,6.60476050,9.000,0.967632005522,-0.224630304618,0.115019685862,597.240,98.042
114110,346.94033780,0.29604027,7.050,0.974122291592,-0.225962529281,0.00516685444033,597.026,233.666
114117,346.96120084,5.69763653,8.520,0.969404550786,-0.224496227118,0.0992787032853,596.568,117.694
114122,346.97744210,4.77674673,8.880,0.97089748875,-0.224552009367,0.0832734136882,596.211,137.569
114127,347.00724137,3.57309258,7.750,0.972504360479,-0.224390864496,0.0623218162441,595.557,163.467
114129,347.01348706,4.87425972,7.660,0.970899056733,-0.22390899725,0.0849693037816,595.420,135.483
114132,347.02781318,3.32836789,10.900,0.972835390606,-0.224099386869,0.0580583119779,595.105,168.727
114156,347.09554846,7.26699368,8.330,0.966914192691,-0.22153197822,0.126493187951,593.619,83.766
114159,347.10854630,0.49953527,7.420,0.974757435353,-0.223096237742,0.0087184247383,593.334,229.318
114165,347.14504537,4.67800685,7.630,0.971688668355,-0.221742554248,0.0815559404713,592.533,139.763
114172,347.17017174,2.12761798,5.420,0.974361709509,-0.221903049367,0.0371254053838,591.982,194.496
114187,347.21014248,5.33756260,8.460,0.970960068576,-0.220415971557,0.0930233557454,591.106,125.584
114194,347.21848141,6.56121108,10.900,0.968833411648,-0.219784935572,0.114264616438,590.923,99.149
114207,347.25316053,7.93141219,8.970,0.966024213882,-0.218532947576,0.137987568344,590.163,69.412
114209,347.25636980,5.34183675,8.590,0.971130817191,-0.219630979573,0.0930976300144,590.093,125.512
114212,347.26631187,2.55054058,9.260,0.97443883366,-0.220201392737,0.0445006302445,589.875,185.461
114214,347.26731931,2.45264573,7.620,0.97451544646,-0.220200695526,0.0427936712685,589.853,187.557
114221,347.29316016,2.26050792,8.590,0.974749170502,-0.219791489181,0.0394430715063,589.287,191.675
114222,347.29787940,7.31390686,7.890,0.967589106265,-0.218093253609,0.127305357967,589.184,82.872
114224,347.31305652,3.93858857,9.560,0.973280524604,-0.219105196597,0.0686872131561,588.851,155.718
114234,347.34381075,2.14435199,7.110,0.975019106193,-0.218946776093,0.0374172660234,588.178,194.169
114253,347.39590404,1.92632065,8.150,0.975349663159,-0.218089690541,0.0336143043168,587.038,198.841
114254,347.40309385,3.96229261,8.470,0.973595819004,-0.217569251035,0.0690999437199,586.880,155.239
114256,347.41209698,3.78847222,9.150,0.97383010601,-0.217460948937,0.0660731436831,586.683,158.971
114269,347.45400676,7.09011846,8.610,0.96865777909,-0.215562195569,0.12343033197,585.766,87.823
114297,347.52803891,7.36251630,7.390,0.968351581712,-0.214181256977,0.128146803923,584.147,81.958
114323,347.60263944,7.81166478,7.330,0.967618744301,-0.212698049092,0.135917274802,582.517,72.248
114328,347.61355071,3.49086829,8.260,0.974910742498,-0.214106324317,0.0608894576272,582.278,165.411
114339,347.65513195,7.76696661,12.090,0.967916492151,-0.211834064414,0.135144342745,581.370,73.253
114344,347.66506587,5.96027730,6.960,0.971634421868,-0.212471230766,0.103838944225,581.153,112.369
114357,347.71101443,0.41038994,9.010,0.977061444993,-0.21283709721,0.00716259442517,580.149,231.245
114369,347.74052095,6.03092365,10.440,0.971787537317,-0.211164115742,0.105065210886,579.505,110.882
114387,347.80572466,3.15302451,7.920,0.975957355084,-0.210907381088,0.0550028877366,578.082,172.694
114388,347.80863417,5.00432800,6.660,0.973721807145,-0.210372517613,0.0872309929046,578.019,133.012
114392,347.82150395,5.09876397,8.840,0.973627173752,-0.210123178806,0.0888728094579,577.738,130.988
114409,347.90490183,3.10065413,8.200,0.976369717469,-0.209228161744,0.0540902129971,575.919,173.839
114412,347.91479807,4.25848245,9.930,0.975137732648,-0.208788001757,0.0742561289629,575.704,149.058
114416,347.92291416,1.13456234,9.500,0.977675279785,-0.209186484616,0.0198005543331,575.527,215.813
114419,347.93414513,8.72012785,5.150,0.966604041044,-0.206619510533,0.151608066094,575.282,52.686
114420,347.93920263,0.22346834,8.600,0.977918993925,-0.208947910693,0.00390024841851,575.172,235.237
114424,347.95295324,4.72078331,9.080,0.97465886185,-0.208006753772,0.0823000206756,574.872,139.157
114431,347.97860814,9.02199845,8.580,0.965969427097,-0.205700117225,0.156813671879,574.313,46.127
114447,348.04679126,6.60554057,8.310,0.971822653384,-0.205737917998,0.115033210283,572.828,98.638
114450,348.05393051,2.04688820,9.040,0.977718618355,-0.206858828563,0.0357173398766,572.672,196.372
114452,348.05449526,3.93711281,8.580,0.976036026593,-0.206492786467,0.0686615170938,572.660,155.987
114457,348.07926009,2.00961094,8.660,0.977832501899,-0.206431330381,0.0350671365737,572.121,197.171
114460,348.09059662,9.02937106,8.080,0.96634988461,-0.203807507106,0.156940754942,571.874,46.046
114466,348.11642423,8.27996681,9.130,0.96836765904,-0.20377717374,0.144010209316,571.312,62.397
114472,348.15073378,3.61813347,8.130,0.976740467949,-0.204928385042,0.0631063806174,570.565,162.840
114475,348.16064492,2.68657905,7.710,0.977650958125,-0.204942859504,0.0468724696886,570.349,182.743
114487,348.20612818,6.52693019,10.760,0.972544622016,-0.203066599259,0.113670200371,569.360,100.416
114494,348.22331955,6.95140641,9.420,0.971754423781,-0.202597342806,0.121027503279,568.986,91.261
114502,348.25148518,0.03080051,7.630,0.979050609347,-0.203616343538,0.000537570284902,568.373,239.344
114507,348.27093740,8.96344879,6.690,0.967162748541,-0.200801451342,0.155804348378,567.950,47.612
114509,348.27133720,0.43447954,8.800,0.979093090419,-0.203271291659,0.00758302583012,567.942,230.751
114517,348.30210307,2.06222700,9.500,0.978596039678,-0.202620037297,0.035984880338,567.273,196.085
114525,348.31357254,5.73878480,8.860,0.9743628231,-0.201540141005,0.0999933024008,567.024,117.440
114536,348.34173773,7.99140863,8.380,0.969859536481,-0.200111561478,0.139024610983,566.411,68.809
114538,348.34906284,2.67537604,7.400,0.978328585285,-0.201728586176,0.0466771542932,566.252,183.021
114542,348.36477625,8.90810492,7.810,0.967637275908,-0.199247425798,0.154850139123,565.911,48.884
114543,348.36832105,0.93062170,7.540,0.979334727222,-0.201592904842,0.0162416985969,565.834,220.194
114544,348.37134091,7.18057865,8.600,0.971792655364,-0.199987004058,0.12499693272,565.768,86.389
114564,348.42098512,2.20348475,7.180,0.978924458449,-0.200570713209,0.0384485845479,564.690,193.094
114570,348.45387287,7.91755816,10.310,0.970424083938,-0.198248742907,0.137748078928,563.976,70.480
114576,348.46789627,4.82397366,12.010,0.976342109162,-0.199208816408,0.0840947878406,563.671,137.136
114589,348.50213644,4.99713232,7.060,0.976207473742,-0.198573748066,0.0871058826377,562.928,133.438
114595,348.51718053,3.31003342,8.980,0.978349554848,-0.198741977218,0.0577388519155,562.601,169.519
114599,348.52663909,2.63493253,7.140,0.978981146846,-0.198702002222,0.045972039694,562.396,183.919
114601,348.52977577,8.92423966,7.550,0.968164278498,-0.196451336937,0.155128340597,562.328,48.645
114602,348.53031710,8.93119767,8.200,0.968147664782,-0.196438442186,0.155248309521,562.316,48.494
114606,348.53273019,8.38711397,8.470,0.969557081834,-0.196681899811,0.14586053391,562.264,60.336
114623,348.58055219,6.04852680,4.220,0.974747239717,-0.196887851705,0.105370738418,561.226,110.900
114651,348.67456355,9.68836024,7.550,0.966542971436,-0.193580612809,0.168289128324,559.187,32.063
114662,348.70701855,7.70282526,7.370,0.971789950937,-0.194059002457,0.134035050725,558.484,75.281
114669,348.72896940,1.05624973,8.700,0.980546962504,-0.19541709825,0.0184339913368,558.008,217.548
114682,348.77456154,5.49755001,8.510,0.976357115172,-0.193774437555,0.0958031889008,557.020,122.816
114683,348.77472214,8.78945031,8.830,0.969350560644,-0.192381045238,0.152803874337,557.017,51.743
114694,348.80399756,6.12184355,7.480,0.975374592999,-0.193058650569,0.10664314686,556.383,109.425
114702,348.83347054,4.53408246,8.320,0.977998186479,-0.193055206746,0.0790520992282,555.744,143.468
114711,348.85536155,6.17934852,7.750,0.97544176702,-0.192163393602,0.107641020582,555.270,108.213
114721,348.89277051,3.49637244,5.560,0.979441891559,-0.192287203938,0.060985344638,554.460,165.639
114722,348.89450903,1.79133132,11.210,0.980794661596,-0.192521877124,0.0312595363673,554.423,201.937
114732,348.91732352,1.30837737,6.760,0.981094972274,-0.192175144788,0.0228335083851,553.929,212.205
114748,348.95322738,2.99076327,9.070,0.980134288152,-0.191349288476,0.0521749651475,553.152,176.427
114751,348.95850397,0.04067863,10.030,0.981488486692,-0.191519832981,0.000709975969055,553.038,239.136
114754,348.97198728,9.08769554,4.240,0.969213318525,-0.188887797672,0.157946013196,552.746,45.380
114759,348.98645417,6.88723934,8.740,0.974499021333,-0.189662527426,0.119915733378,552.433,93.042
114763,348.99296394,1.42387823,6.930,0.981300645387,-0.190870585047,0.0248488053467,552.292,209.759
114764,348.99331942,0.66987236,9.510,0.981537841455,-0.190910401382,0.0116912118993,552.284,225.775
114790,349.08134175,6.58900116,9.360,0.975411466605,-0.188164082573,0.114746454608,550.381,99.509
114801,349.11013362,8.03718447,8.810,0.972346561265,-0.187066089016,0.139815747098,549.758,68.275
114804,349.11361672,8.15886297,8.760,0.972064157244,-0.186950478599,0.141918260814,549.683,65.642
114805,349.11695952,10.21144038,7.980,0.966459755208,-0.185814151133,0.177281253388,549.611,20.933
114809,349.12996932,6.99606218,11.940,0.974745602902,-0.187177709589,0.121801127481,549.330,90.770
114812,349.14193441,7.58038570,8.080,0.973514065438,-0.186730433597,0.131917055619,549.071,78.171
114813,349.14642505,1.58657079,7.600,0.981735098498,-0.188227541241,0.0276873454111,548.974,206.319
114838,349.21229368,7.72646619,4.930,0.973409082076,-0.185471262196,0.134443928204,547.551,75.053
114840,349.21588833,5.69606922,10.510,0.977488758363,-0.186185043073,0.0992514836697,547.473,118.739
114851,349.24610585,7.16088877,6.710,0.974774728669,-0.185135404922,0.124655967339,546.821,87.276
114858,349.26744604,10.37087598,8.050,0.966456029407,-0.183182543615,0.180019162697,546.360,17.549
114859,349.26778178,5.55049943,10.160,0.977901586362,-0.185346003886,0.0967230387977,546.353,121.878
114864,349.27797373,1.23166920,8.540,0.982314336888,-0.186001363834,0.0214950272444,546.133,213.867
114870,349.28955677,3.28224524,3.700,0.980967122959,-0.185540851819,0.0572546590171,545.883,170.297
114876,349.31277118,4.43520046,7.600,0.979711531053,-0.184892251569,0.0773315668523,545.381,145.734
114882,349.32803323,4.45169993,8.970,0.97973882198,-0.184627144699,0.0776186713718,545.052,145.386
114903,349.38430810,9.69355818,9.720,0.968851700814,-0.181590319342,0.168378554904,543.838,32.448
114911,349.40611593,1.52151756,7.880,0.982608412429,-0.183781608084,0.0265523700297,543.367,207.728
114924,349.44808455,7.54269675,8.160,0.974583021492,-0.181541839191,0.131264979497,542.462,79.148
114929,349.47390748,4.52182477,8.720,0.980111570538,-0.182114656737,0.0788388298906,541.905,143.936
114931,349.47584844,9.18248990,4.410,0.970578656147,-0.180309330266,0.159579502605,541.863,43.644
114936,349.48504554,3.02597730,8.850,0.981836427304,-0.182237705139,0.0527887189096,541.665,175.790
114940,349.49944785,9.50343349,7.630,0.969758699138,-0.179743817554,0.165106709425,541.354,36.671
114949,349.52817591,0.49479383,9.260,0.983307738176,-0.181745198493,0.00863567411441,540.735,229.512
114951,349.53506195,8.54831166,9.290,0.972441907527,-0.179616000312,0.148643294223,540.586,57.451
114958,349.57653358,7.83503887,8.310,0.974316169875,-0.179232999595,0.136321432567,539.693,72.906
114962,349.58472778,0.52495525,9.140,0.983482037332,-0.180773722456,0.00916206935057,539.516,228.874
114973,349.61517831,1.89847963,8.570,0.983079344738,-0.180159634774,0.0331286575033,538.860,199.755
114990,349.66240288,1.92573384,9.300,0.9832118888,-0.179346447732,0.0336040683363,537.843,199.183
115000,349.70081915,3.24681087,7.500,0.98230828196,-0.178501162285,0.0566372161777,537.016,171.142
115004,349.71171956,5.09963119,8.860,0.980026872204,-0.177893995366,0.0888878853992,536.781,131.682
115011,349.72577444,5.40573419,8.020,0.979589226905,-0.177566350536,0.0942079491817,536.478,125.147
115014,349.74021218,9.61073100,4.990,0.97019948977,-0.17561181107,0.166953412252,536.167,34.491
115016,349.75599311,9.05972013,10.000,0.97178291966,-0.175622008289,0.157463860174,535.828,46.487
115036,349.83457148,7.21498791,7.380,0.976508457346,-0.175093382616,0.125592754948,534.137,86.402
115041,349.84941462,5.12430243,5.560,0.98041379584,-0.175531490186,0.0893167670656,533.817,131.202
115048,349.86889439,5.88487409,8.410,0.979219920488,-0.174974168967,0.102529934716,533.398,114.955
115059,349.91244052,9.67670530,8.730,0.970533073036,-0.172660863193,0.168088608967,532.462,33.164
115060,349.91248053,9.07410271,9.270,0.972220010288,-0.172960274202,0.157711747007,532.461,46.270
115065,349.91780245,3.37164682,10.210,0.982853404645,-0.174757800445,0.0588123810225,532.347,168.538
115081,349.95031471,7.98217021,6.910,0.975116785001,-0.1728114165,0.138864934151,531.648,69.928
115089,349.96659788,0.46589973,10.310,0.984673798057,-0.17421650852,0.00813139466259,531.298,230.138
115094,349.99335153,5.16560098,11.860,0.980788012574,-0.17305673819,0.0900346586499,530.722,130.369
115109,350.02774580,5.64735627,8.990,0.980111462618,-0.172330755633,0.0984054445042,529.983,120.094
115112,350.04822322,1.16695629,11.650,0.984749271719,-0.17278340536,0.0203658213805,529.543,215.301
115119,350.06533995,3.91887496,6.640,0.982702019615,-0.172121598169,0.0683439542983,529.176,156.943
115122,350.07622720,6.87234676,7.950,0.977960614307,-0.171099609561,0.119657680371,528.942,93.878
115126,350.08557117,5.38145156,5.050,0.980724199589,-0.171418283624,0.0937860137749,528.741,125.794
115141,350.13593917,8.91897626,8.830,0.97330429571,-0.169239753455,0.155037588354,527.659,49.767
115151,350.16018611,6.45133321,8.580,0.979050189131,-0.169812040046,0.112359237349,527.139,102.943
115152,350.16198254,8.91959615,7.900,0.973379469069,-0.168797041155,0.155048276648,527.100,49.769
115153,350.16524224,4.49683367,9.890,0.982271367562,-0.170281451631,0.0784040030814,527.030,144.676
115155,350.17061468,5.90782893,6.170,0.980087202096,-0.169808156248,0.102928452622,526.915,114.580
115159,350.17970691,6.62407041,8.120,0.978769757605,-0.169419919762,0.115354464091,526.720,99.249
115172,350.21019751,2.45636603,7.650,0.984532707404,-0.169877877689,0.0428585431807,526.065,188.012
115177,350.21985034,10.53249545,7.740,0.968863067156,-0.167006050138,0.182793151725,525.858,14.682
115184,350.23560652,10.33939612,8.620,0.969510581469,-0.166843142823,0.179478684283,525.520,18.916
115192,350.24535953,9.64809104,8.960,0.971602546176,-0.167032867926,0.167596280679,525.310,33.997
115193,350.24908327,2.47841538,9.950,0.98463144609,-0.169206845544,0.0432430201487,525.230,187.551
115200,350.29698039,2.19735010,7.420,0.984969797629,-0.168417398014,0.0383415936564,524.203,193.512
115201,350.29716594,1.59499067,11.760,0.985313228554,-0.16847283618,0.0278342434025,524.199,206.263
115204,350.29998306,8.67417003,7.500,0.974428921347,-0.166562482342,0.150815174032,524.138,55.162
115208,350.31102423,7.02308813,7.870,0.978339856158,-0.167036958958,0.122269293755,523.901,90.746
115210,350.31397558,6.19245701,7.310,0.979992889299,-0.167267238488,0.107868474785,523.838,108.547
115215,350.33981067,4.67269023,6.790,0.982543760018,-0.167246718567,0.0814634567098,523.284,140.983
115223,350.37883525,8.33394706,12.420,0.975522984291,-0.165368047276,0.144942457754,522.447,62.558
115241,350.43496969,10.86178258,8.710,0.968431329101,-0.163189983728,0.188440415058,521.244,7.618
115246,350.46191357,9.76137449,7.670,0.971898233764,-0.163304205388,0.169545155367,520.666,31.665
115255,350.48218746,7.59309313,8.410,0.977586424256,-0.163904309295,0.13213690062,520.232,78.577
115263,350.51295638,5.50613638,8.690,0.981771933491,-0.1640640589,0.0959523589382,519.572,123.281
115280,350.59857768,0.41425958,8.560,0.986542320215,-0.163346183412,0.00723013063519,517.738,231.248
115282,350.60293911,3.60613645,8.610,0.984627106789,-0.162952068124,0.062897409086,517.645,163.712
115292,350.63048759,8.22523043,9.210,0.976509492057,-0.161126295107,0.14306477186,517.055,65.034
115295,350.63755396,7.48728160,8.050,0.978266388341,-0.161292253726,0.130306110103,516.904,80.924
115297,350.64178187,10.37360281,9.180,0.970563078255,-0.159948601127,0.180065977146,516.813,18.433
115302,350.66267030,1.15178341,8.800,0.986550848221,-0.162213967668,0.0201010588808,516.366,215.667
115307,350.67099425,11.19810021,8.770,0.967987179999,-0.159017201971,0.194201825004,516.188,0.403
115311,350.68396741,3.74011767,7.610,0.984708737858,-0.1615351845,0.0652310183531,515.910,160.888
115313,350.68642822,4.34812993,9.670,0.983977149068,-0.161371774007,0.0758163614606,515.857,147.981
115319,350.70659052,5.03641100,9.210,0.983064085627,-0.160866809421,0.0877887987018,515.426,133.351
115326,350.72172630,2.81834336,7.040,0.985723196369,-0.161034582501,0.049169537097,515.102,180.428
115343,350.76927866,10.76487639,7.800,0.969680219815,-0.157587542224,0.186779115091,514.085,9.963
115355,350.82296418,9.38495673,7.880,0.973986600149,-0.15735081781,0.163066927564,512.936,40.055
115361,350.84458071,0.94682486,8.410,0.987125567882,-0.159091343206,0.0165244591324,512.474,220.008
115362,350.84619361,3.21527132,8.570,0.985710742722,-0.158834852331,0.0560876222317,512.439,172.046
115366,350.86130648,8.88244579,8.930,0.975466219279,-0.156920108925,0.154407689122,512.116,50.960
115372,350.87905427,1.10111270,10.330,0.987173596598,-0.158489755207,0.0192168590957,511.737,216.752
115374,350.88293700,0.29129760,6.330,0.987353901872,-0.158450069691,0.00508408032079,511.654,233.851
115389,350.93105564,0.88458740,8.820,0.987381698425,-0.157604057646,0.0154383493164,510.625,221.327
115393,350.93881529,8.46007063,6.690,0.976775148074,-0.155775405999,0.147120131151,510.459,60.123
115422,351.01828343,4.93142506,7.670,0.984081896638,-0.155541372649,0.0859633765288,508.761,135.677
115423,351.01944357,3.64767094,9.750,0.985740345044,-0.155783044506,0.0636208707694,508.736,162.921
115425,351.02605135,7.55074634,7.620,0.979194373256,-0.154632795046,0.131404254419,508.595,79.735
115442,351.06861756,3.71558102,6.620,0.985798497389,-0.15492516166,0.0648036791363,507.686,161.493
115449,351.09075708,6.18627683,7.180,0.982181955482,-0.153967924215,0.107761239039,507.213,108.971
115455,351.11265614,6.96208307,9.050,0.98070912537,-0.153353015942,0.121212474269,506.745,92.394
115466,351.14974212,2.60986223,8.660,0.987068903859,-0.153693033012,0.0455349386473,505.953,184.907
115470,351.16189133,1.74129125,7.540,0.987670112663,-0.153572145452,0.0303865873889,505.694,203.258
115487,351.20498313,7.88095946,8.960,0.97890782364,-0.151455760908,0.137115372236,504.774,72.721
115490,351.21669264,10.63154086,8.990,0.971308155093,-0.150076695674,0.184492420618,504.524,13.160
115493,351.22921065,2.01844800,9.160,0.98769304242,-0.152387386602,0.0352212770878,504.257,197.413
115497,351.24860649,5.21167780,8.810,0.984271845799,-0.151518432597,0.0908355555476,503.843,129.786
115498,351.24930249,7.03260417,8.230,0.980923874113,-0.150990848998,0.122434132146,503.829,90.939
115509,351.29887566,4.92239960,8.730,0.984845192432,-0.150722270185,0.0858064345764,502.771,135.948
115516,351.32409258,3.14158183,11.470,0.987071760417,-0.150618454209,0.0548034765254,502.233,173.693
115522,351.35117755,0.21523223,9.420,0.988621625715,-0.150376759709,0.00375650223499,501.655,235.462
115537,351.39202451,6.00988831,9.620,0.983301308203,-0.148850348937,0.104700099846,500.784,112.838
115551,351.42850568,7.82940270,9.400,0.979612839434,-0.147654027892,0.136223980499,500.007,73.928
115555,351.44966328,11.15563019,8.140,0.970200904183,-0.145869011062,0.193474642096,499.556,1.845
115572,351.53564232,8.92967025,7.560,0.977119257989,-0.145410090428,0.155221974179,497.723,50.284
115575,351.54441251,0.46324074,8.980,0.989097811103,-0.147037930613,0.00808498805784,497.537,230.238
115578,351.55025000,8.89331651,10.560,0.977253520248,-0.145175409764,0.15459514081,497.412,51.076
115590,351.58755660,4.33951937,8.770,0.986404609141,-0.145878463968,0.0756665105264,496.617,148.389
115595,351.61428684,8.64438584,7.100,0.978070421086,-0.144179681059,0.15030126735,496.048,56.477
115598,351.62808409,4.63610230,9.560,0.986106830536,-0.145121733844,0.0808269827275,495.754,142.112
115603,351.64290482,6.60760427,7.300,0.982809483153,-0.144376755358,0.115068989465,495.439,100.174
115610,351.65117894,10.03412951,8.500,0.97426866553,-0.142978363567,0.174234769545,495.263,26.423
115616,351.66518061,9.74982780,8.830,0.975147000511,-0.142863837884,0.169346541802,494.964,32.602
115617,351.66534071,5.23216112,8.200,0.985315659121,-0.144350784115,0.0911915731666,494.961,129.471
115622,351.68187718,2.47833029,6.720,0.988554566445,-0.144533866922,0.0432415364372,494.609,187.761
115627,351.68954721,11.03259622,8.320,0.971211974542,-0.141865463714,0.191367423326,494.446,4.684
115639,351.73293881,1.25583758,4.950,0.989370909881,-0.143752770203,0.0219167456666,493.522,213.545
115650,351.76924410,1.28679762,10.370,0.989449934463,-0.143124113314,0.0224569672817,492.749,212.895
115665,351.81068188,2.63670929,7.600,0.988754901131,-0.142293597531,0.0460030171976,491.868,184.436
115666,351.81152185,1.12268705,6.260,0.989614882133,-0.1424025506,0.0195933316331,491.850,216.355
115672,351.82710965,8.06691799,7.010,0.980048952091,-0.140753901689,0.140329578725,491.518,68.999
115677,351.83728271,4.45025634,8.710,0.986884451038,-0.141556776571,0.0775935519601,491.302,146.102
115682,351.85286396,0.72232000,9.230,0.989828742784,-0.141704394434,0.0126065283146,490.970,224.790
115684,351.85545733,9.40396158,9.840,0.976610235636,-0.139766916292,0.16339417603,490.915,40.192
115710,351.93106147,1.88698790,7.740,0.989562986768,-0.14028837788,0.032928198406,489.307,200.261
115715,351.94155317,5.73657727,8.250,0.985166998038,-0.13948114782,0.0999549667612,489.084,118.831
115717,351.95055097,4.85621708,10.320,0.986593231415,-0.139525037652,0.0846555349266,488.893,137.526
115723,351.98371275,11.13614441,8.190,0.971583472942,-0.136828807008,0.193140965821,488.188,2.594
115728,351.99236589,6.37909727,4.270,0.984118405695,-0.138442538904,0.111106376932,488.004,105.169
115736,352.01855072,8.63146299,7.860,0.97909690724,-0.137279846608,0.150078279399,487.447,56.942
115743,352.03514833,2.44819079,8.080,0.989449319312,-0.138439115851,0.0427159889957,487.095,188.442
115749,352.06842162,6.07456725,7.380,0.984872291329,-0.137215626933,0.10582268896,486.388,111.679
115750,352.07062956,5.81784170,8.100,0.985337317065,-0.137241708213,0.101366094559,486.341,117.141
115760,352.11263978,2.65354492,8.110,0.989477644292,-0.137078888636,0.0462965412973,485.448,184.122
115763,352.11925664,5.80767306,8.250,0.985471244234,-0.136407864992,0.101189530861,485.308,117.372
115769,352.13184122,9.42716915,7.400,0.977207439829,-0.135045256232,0.163793767622,485.040,39.826
115773,352.14308012,8.52864788,8.960,0.979658169702,-0.135188104741,0.148303900396,484.802,59.210
115781,352.17729976,7.36769315,8.640,0.982514454423,-0.134984330965,0.128236411535,484.075,84.127
115789,352.19275471,0.83532822,7.870,0.99062538079,-0.135826419046,0.0145787113007,483.747,222.425
115790,352.19458213,5.38937696,6.990,0.986355355541,-0.135208897651,0.0939237275204,483.708,126.279
115799,352.23659510,7.40203519,8.620,0.982577288826,-0.13395704885,0.128830821416,482.816,83.415
115804,352.25287320,9.26603962,6.200,0.977943087101,-0.133042264293,0.16101886319,482.470,43.365
115807,352.25883882,1.47030374,8.610,0.990560447214,-0.134653723003,0.0256588249102,482.344,209.065
115834,352.34178928,3.59534438,9.010,0.989130042391,-0.133001080487,0.0627094237643,480.583,164.286
115843,352.36248095,1.79115943,6.350,0.990644451767,-0.132840502218,0.0312565377869,480.144,202.319
115849,352.37635363,1.03582677,6.880,0.990998903914,-0.132643781297,0.018077602846,479.849,218.215
115851,352.38323384,4.53218332,6.260,0.988077491161,-0.132131980019,0.0790190566705,479.704,144.492
115856,352.40142167,6.83574430,8.270,0.984172690954,-0.131291818753,0.119023412441,479.318,95.570
115862,352.41940333,3.98418736,11.240,0.988864657762,-0.131601888021,0.0694811607395,478.936,156.087
115882,352.48289733,1.16375297,7.980,0.991201360317,-0.13079514622,0.0203099244634,477.589,215.529
115886,352.49247418,6.26396817,8.740,0.985508654699,-0.129876368581,0.109109213163,477.386,107.780
115902,352.55616837,5.01274673,7.260,0.987779859864,-0.129058685426,0.0873773664217,476.036,134.358
115904,352.56022608,10.45099635,9.120,0.975131583999,-0.127335883546,0.181394505564,475.950,17.844
115910,352.58438928,1.99348613,9.600,0.991035884327,-0.128987668864,0.0347858772546,475.438,198.081
115912,352.58748236,0.17783385,9.470,0.991638223736,-0.129011626481,0.00310378122062,475.372,236.262
115913,352.59088265,6.42535427,8.510,0.985421596456,-0.12814337598,0.111908678977,475.300,104.375
115918,352.62372452,7.27850942,9.910,0.983733124726,-0.127350441414,0.126692558536,474.604,86.195
115932,352.66871832,0.87756263,7.160,0.991708587284,-0.127591165251,0.0153157584469,473.651,221.556
115933,352.66963320,5.24645923,8.330,0.987671779555,-0.127055766126,0.0914400796416,473.631,129.434
115934,352.66987529,5.24944678,7.760,0.987667586092,-0.127050984454,0.0914920036542,473.626,129.371
115935,352.67484177,10.36185478,8.110,0.975663090344,-0.125420787032,0.179864283062,473.521,19.838
115946,352.71430768,10.15576468,9.200,0.976384675946,-0.124829949437,0.176324837451,472.685,24.330
115951,352.72845792,7.99693811,8.100,0.982311145917,-0.125341086274,0.139120180775,472.385,70.863
115953,352.73277363,9.48213584,8.380,0.97841373107,-0.124768886777,0.164740085424,472.293,38.918
115955,352.73921754,5.06071512,8.040,0.988114223599,-0.125892972884,0.0882113399678,472.157,133.386
115956,352.74082503,7.72868687,9.030,0.982973530344,-0.12520998513,0.134482334403,472.123,76.612
115957,352.75478141,6.28800944,6.390,0.986047411708,-0.125357456756,0.109526297758,471.827,107.347
115959,352.75754671,0.59599617,8.370,0.9919678937,-0.126061485712,0.0104019079061,471.769,227.477
115966,352.77742942,2.36350544,7.170,0.991221301918,-0.12561709507,0.0412392537601,471.348,190.314
115982,352.83700344,9.76169155,7.780,0.977829918834,-0.122887106009,0.169550608991,470.086,32.922
115984,352.83915969,10.88557505,8.010,0.974346767917,-0.122412119772,0.188848216254,470.040,8.529
115989,352.85398923,4.25138953,8.810,0.989502122142,-0.124056022509,0.074132675359,469.726,150.527
116003,352.88082708,4.08693695,6.500,0.98976718419,-0.12361837863,0.0712700327277,469.158,154.005
116004,352.88421353,3.37342188,9.470,0.990578422175,-0.123660238652,0.0588433080098,469.087,169.058
116013,352.92290996,9.32089560,8.760,0.979278587599,-0.121577972177,0.161963713687,468.268,42.481
116021,352.94316406,8.32860072,8.990,0.981958269933,-0.12155819836,0.144850131245,467.839,63.833
116023,352.95711196,10.86468122,8.860,0.974664989571,-0.120414453366,0.188490099275,467.544,9.043
116035,352.97421179,3.43053574,9.010,0.990712733088,-0.122096884581,0.0598383762485,467.182,167.868
116040,352.98454661,10.99456526,8.750,0.97429594119,-0.119895249679,0.190715883148,466.963,6.227
116042,352.98983817,1.08592434,6.390,0.992346262334,-0.122023457305,0.0189518204848,466.851,217.192
116056,353.03597608,3.02834924,8.800,0.991236297781,-0.121076780578,0.0528300593057,465.875,176.350
116061,353.05296646,7.08501528,6.800,0.985078676941,-0.120028183253,0.123341945264,465.516,90.467
116076,353.10226802,4.04753681,8.640,0.99028598105,-0.119797997553,0.070584102447,464.473,154.878
116080,353.10786923,10.99877018,6.780,0.974537846914,-0.117796232951,0.190787925286,464.354,6.197
116082,353.11828869,3.04020492,8.880,0.991398342777,-0.119651307837,0.0530366898632,464.134,176.111
116094,353.14820371,10.97779785,7.950,0.97468980162,-0.117118482534,0.19042859992,463.502,6.674
116098,353.16345169,8.12992936,8.720,0.982911156533,-0.117841010534,0.141418367265,463.179,68.174
116106,353.19489862,0.84272286,9.070,0.992847559069,-0.118479560673,0.014707758278,462.514,222.309
116120,353.22697445,3.38167077,8.000,0.991292043032,-0.117731117054,0.0589870282224,461.836,168.936
116122,353.23098178,3.01666677,7.090,0.991653315889,-0.117703688699,0.0526264453821,461.752,176.622
116123,353.23340492,9.15951994,7.970,0.980372167206,-0.116322634009,0.15918372588,461.700,46.088
116124,353.23365502,5.66759284,10.340,0.988180521766,-0.117244732837,0.0987569188706,461.695,120.648
116127,353.23750240,0.18046477,9.050,0.993037869767,-0.117753422894,0.00314969921251,461.614,236.212
116136,353.29276480,6.85468687,10.330,0.986056873205,-0.115961297994,0.119351665985,460.446,95.448
116137,353.29598908,4.34230857,7.690,0.99031160243,-0.116405159054,0.0757150516014,460.378,148.692
116139,353.29991093,6.40061535,8.060,0.986979760476,-0.115945030278,0.111479605152,460.295,105.108
116140,353.30120272,3.13574766,9.240,0.991686055513,-0.116475233262,0.0547018037932,460.267,174.124
116154,353.34620836,4.63935929,7.270,0.99001003956,-0.115490077747,0.080883641807,459.317,142.429
116163,353.36925681,4.40124893,6.920,0.990381755936,-0.115129635569,0.0767407618053,458.830,147.462
116170,353.37945271,5.35651170,9.130,0.988993711259,-0.11478991048,0.0933526407931,458.614,127.272
116187,353.42299721,2.24448168,7.740,0.992656680543,-0.114450551822,0.0391635769777,457.694,192.883
116191,353.44373848,5.13245035,9.010,0.989476996805,-0.113721002548,0.0894584058261,457.256,132.028
116214,353.51630754,0.18168871,11.160,0.993599039693,-0.112919850757,0.00317106088868,455.724,236.189
116217,353.53037156,0.42368268,8.750,0.993604557017,-0.112673441006,0.00739459035869,455.427,231.112
116220,353.53731060,1.24753498,5.910,0.993409833092,-0.112529503167,0.0217718725375,455.281,213.826
116222,353.53994387,11.18083466,8.630,0.97479111801,-0.110375074121,0.193906212542,455.225,2.438
116226,353.58050131,9.70950599,8.350,0.97949524388,-0.110205540245,0.16865291612,454.369,34.369
116229,353.58334949,8.71315112,8.440,0.98226692335,-0.110467942608,0.151487705603,454.309,55.819
116231,353.58777794,9.53452562,11.230,0.980016504631,-0.110138151624,0.165641897504,454.215,38.147
116235,353.60458795,5.47054421,6.900,0.989250527368,-0.110882015535,0.0953340061743,453.860,124.910
116236,353.60576625,7.92460890,9.380,0.984288878121,-0.110305383323,0.137869963431,453.836,72.720
116241,353.61840327,3.27801733,8.720,0.992177638435,-0.11096787054,0.0571809889575,453.569,171.173
116256,353.66613488,1.50582431,10.260,0.993552689338,-0.110283681658,0.0262785667245,452.562,208.413
116281,353.75032117,1.60533814,9.590,0.993666790345,-0.108818575644,0.0280147703963,450.786,206.330
116285,353.76755199,7.67744289,7.370,0.985178495779,-0.107589183786,0.133596029082,450.422,78.052
116299,353.81101031,3.85384909,7.230,0.991923619235,-0.10756452897,0.0672116486349,449.506,159.079
116300,353.81655929,10.95856003,7.160,0.976053156889,-0.105747891369,0.190098970008,449.389,7.403
116301,353.81734314,9.68982729,7.840,0.979999957969,-0.106161932566,0.168314367937,449.372,34.887
116307,353.84614531,2.22456087,8.420,0.993488334556,-0.107117855689,0.0388161576319,448.765,193.340
116314,353.86176596,8.51974047,6.680,0.98329495708,-0.105747620388,0.148150154115,448.435,60.065
116316,353.86547653,10.55507834,7.140,0.977449897562,-0.105054985468,0.183180642494,448.357,16.188
116319,353.86919175,1.31319815,6.470,0.994019520517,-0.106770666867,0.0229176248513,448.279,212.466
116323,353.87931442,7.15176483,8.850,0.986563728296,-0.105793509761,0.124497965055,448.065,89.293
116325,353.88363333,7.46447114,6.400,0.985881398515,-0.105645171671,0.129911376582,447.974,82.631
116328,353.90047713,8.38271778,7.350,0.983715662197,-0.105120591442,0.145784626084,447.619,63.014
116330,353.90229441,4.03846100,8.680,0.991873247008,-0.10596049816,0.0704260938785,447.581,155.204
116347,353.94268694,2.07455732,8.960,0.993765064425,-0.105454069263,0.0361999448042,446.729,196.497
116351,353.95592023,0.44596816,10.190,0.994411059658,-0.1052903653,0.00778353415675,446.450,230.652
116356,353.96739667,5.02219971,11.950,0.990644368295,-0.104690891938,0.0875417198336,446.209,134.465
116359,353.97730572,6.00814358,9.740,0.989017762065,-0.104346039522,0.10466981588,446.000,113.609
116360,353.97911158,2.44556015,8.580,0.993577961068,-0.104795497759,0.0426701175284,445.962,188.712
116363,353.98434856,10.05390325,10.640,0.979221816288,-0.103190816101,0.174574597172,445.851,27.089
116366,353.98934667,10.68769388,7.500,0.977250462432,-0.102896879128,0.185455563256,445.746,13.363
116367,354.00111910,8.76607901,7.180,0.98290668483,-0.103288245293,0.152400745732,445.498,54.829
116376,354.02422496,3.15121281,7.900,0.993062152295,-0.103950546689,0.0549713154458,445.011,173.892
116383,354.06278267,6.86081736,7.540,0.987513515471,-0.102697942692,0.119457897726,444.198,95.533
116385,354.07292776,7.11717123,7.850,0.986990177952,-0.102466868946,0.123898867609,443.985,90.083
116392,354.09727881,2.10207138,5.680,0.99402857029,-0.102770574673,0.0366798368035,443.472,195.932
116408,354.14952167,6.59156704,9.190,0.988215393722,-0.101258951727,0.114790941746,442.371,101.275
116417,354.19016888,2.96118928,8.150,0.993534969777,-0.101091840036,0.0516594977575,441.515,177.904
116418,354.20218304,5.91661598,9.030,0.9895847737,-0.10048026243,0.103080999818,441.262,115.599
116426,354.24304764,11.01499025,7.950,0.976626500531,-0.0984608259805,0.191065811196,440.402,6.357
116447,354.30129837,7.72867434,10.560,0.986018735701,-0.0983951872108,0.1344821177,439.175,77.117
116456,354.32234779,1.51980809,8.410,0.994744174404,-0.0988968256008,0.0265225446573,438.732,208.158
116468,354.34653503,7.62393894,8.320,0.98633910109,-0.0976407205885,0.132670521759,438.223,79.363
116484,354.40433757,5.10769697,9.270,0.991282821344,-0.0971203645794,0.0890281016996,437.007,132.743
116491,354.42417764,9.97489488,7.970,0.980223757442,-0.0956941860756,0.17321665075,436.589,28.961
116497,354.45455811,3.37030064,7.300,0.993598398987,-0.0964680447756,0.058788926402,435.950,169.339
116505,354.47029150,5.97823211,8.380,0.989933212271,-0.095837803123,0.10415061563,435.619,114.353
116526,354.52672798,1.33560915,7.700,0.995170356062,-0.0953554849013,0.023308666095,434.432,212.028
116535,354.54398334,3.75921902,9.240,0.993327616189,-0.0948770255488,0.0655636861316,434.069,161.174
116536,354.55160148,8.62750970,6.890,0.984217707078,-0.0938748432751,0.150010062577,433.908,57.977
116540,354.56609501,0.86861673,8.830,0.995391703803,-0.0946865422352,0.0151596411649,433.604,221.812
116543,354.57812781,0.78100861,9.120,0.995433479662,-0.0944795757491,0.0136307496028,433.350,223.647
116548,354.59249830,8.65721417,10.140,0.984206905224,-0.093164958821,0.150522616766,433.048,57.353
116552,354.60689137,1.93592755,8.930,0.995005032485,-0.0939349234202,0.0337818811246,432.746,199.453
116557,354.61307210,2.25056273,8.770,0.994815466952,-0.0938087570434,0.0392696296765,432.616,192.858
116559,354.62715947,4.31668198,10.220,0.992782186292,-0.0933707623132,0.0752690595572,432.319,149.456
116561,354.63702012,9.31872059,11.450,0.982483193937,-0.0922315672404,0.161926253695,432.112,43.171
116579,354.69195882,2.76533501,9.880,0.994552227813,-0.0924026041866,0.0482454649898,430.957,182.067
116586,354.70682350,2.95991095,8.210,0.994407289785,-0.0921289308429,0.0516372164679,430.644,177.985
116591,354.71825058,8.31290020,8.570,0.98529194364,-0.0910862308019,0.144578990026,430.404,64.758
116612,354.79310485,6.20122363,7.840,0.99004628733,-0.0902214037712,0.10802058714,428.831,109.699
116616,354.81360385,9.98474267,9.530,0.980821858161,-0.0890269794626,0.173385926423,428.400,28.884
116628,354.84581050,7.07765271,8.940,0.988367427025,-0.0891517516636,0.123214424363,427.723,91.119
116629,354.84736895,2.15457187,8.660,0.99525488393,-0.0897457161078,0.0375955110747,427.690,194.887
116632,354.85413729,3.14008933,9.520,0.994474229175,-0.0895568906207,0.0547774666153,427.548,174.218
116650,354.93273592,4.66608206,9.390,0.992790363907,-0.0880324601436,0.0813485051776,425.897,142.144
116653,354.93687613,0.74059448,8.870,0.996014861168,-0.0882458442029,0.0129254521676,425.810,224.502
116659,354.96077990,5.54674004,7.660,0.99147058226,-0.0874263533617,0.096657732497,425.308,123.573
116665,354.97911505,9.67732079,5.990,0.981987549306,-0.0862734750187,0.168099198441,424.923,35.564
116668,354.98675133,5.62735374,4.130,0.991373653569,-0.0869649535509,0.0980580229457,424.762,121.875
116683,355.02162332,2.86846769,9.710,0.994979295683,-0.086671043763,0.0500432946048,424.030,179.934
116688,355.05710484,1.68420485,10.060,0.995850675615,-0.0861256024664,0.0293906869246,423.285,204.754
116693,355.06564618,1.75442723,8.750,0.995826867663,-0.0859739826191,0.0306157468195,423.105,203.284
116696,355.07547215,4.80648514,7.440,0.992805001344,-0.0855415638621,0.0837906328786,422.899,139.207
116708,355.12036023,10.22774467,9.330,0.98054292112,-0.0837111925495,0.177561302327,421.956,23.738
116713,355.13061042,7.83837779,8.820,0.987081223496,-0.0840915096444,0.136379163465,421.741,74.997
116714,355.13285519,10.40033075,8.020,0.980023785004,-0.0834515972051,0.180524823087,421.694,20.013
116720,355.16784968,0.41602606,7.400,0.996419480883,-0.0842347705291,0.00726096071807,420.959,231.297
116723,355.17735571,0.38300793,8.340,0.996437446731,-0.0840697897201,0.00668469965421,420.760,231.988
116731,355.20281887,7.91411224,7.150,0.987005919063,-0.0828323012277,0.137688509351,420.225,73.400
116733,355.21209557,3.62719861,9.070,0.994514301184,-0.0833002730372,0.0632642810108,420.031,164.029
116734,355.21233488,8.33399504,8.090,0.985987660923,-0.0825819366358,0.14494328632,420.026,64.441
116751,355.29204753,6.47796028,8.450,0.990262873832,-0.0815528041805,0.112821012408,418.353,103.938
116755,355.30598101,2.85930046,8.650,0.995405153927,-0.0817325905237,0.0498834960882,418.060,180.151
116759,355.32291989,5.21814671,8.390,0.992539528623,-0.0812018895987,0.0909479919921,417.705,130.568
116761,355.32469687,4.42319445,9.010,0.993704136559,-0.081266143701,0.0771226482467,417.668,147.312
116762,355.32566305,2.46767199,7.450,0.995749745718,-0.081416532087,0.043055687259,417.647,188.361
116763,355.32641454,3.63013361,10.050,0.994675294468,-0.081315547261,0.063315403727,417.631,163.980
116774,355.36291483,6.41925113,12.130,0.990477692109,-0.0803372216653,0.111802827559,416.866,105.195
116783,355.38962006,10.21587170,9.910,0.980962144887,-0.0791052083636,0.177357368916,416.305,24.079
116788,355.39974641,8.82498496,8.600,0.98497823568,-0.079253854872,0.153416758293,416.093,53.987
116803,355.46506334,5.98548732,7.680,0.991434714583,-0.078635914968,0.104276553439,414.723,114.391
116811,355.48022647,0.00243193,8.790,0.996890196198,-0.0788031403121,4.24451856653e-05,414.405,239.949
116812,355.48200267,1.09805941,9.480,0.996709571946,-0.0787577706177,0.0191635789455,414.367,217.038
116814,355.48437699,4.96540559,9.240,0.993154692192,-0.0784354590678,0.0865542381296,414.318,135.920
116815,355.48627544,7.25064591,5.890,0.988926839053,-0.0780685882294,0.126210152254,414.278,87.585
116825,355.51200741,1.78041720,4.490,0.996452472382,-0.0782123949648,0.0310691415633,413.738,202.763
116833,355.54473674,2.57623383,10.300,0.995970645332,-0.0776021636036,0.044948613327,413.052,186.103
116846,355.59076137,1.50123593,8.270,0.996698144686,-0.0768534081979,0.0261985119577,412.087,208.609
116848,355.59300413,8.82860678,8.450,0.985230282887,-0.0759303496358,0.153479222331,412.040,53.959
116864,355.65376069,3.55263447,9.310,0.995208120441,-0.075637825423,0.06196544499,410.766,165.641
116872,355.69928205,11.32847466,7.210,0.977756210636,-0.0735301799182,0.196433462534,409.812,0.071
116875,355.70446462,9.88551667,7.690,0.982385434553,-0.0737889497894,0.171680077085,409.703,31.294
116876,355.71146090,10.48190792,8.110,0.980559237407,-0.0735313717804,0.181925037585,409.556,18.427
116881,355.73554582,0.23967737,8.650,0.997222732618,-0.0743594165563,0.00418314704897,409.052,234.990
116895,355.77989563,1.64015575,10.430,0.996880128936,-0.0735579887347,0.028622208609,408.122,205.711
116908,355.81007908,1.11308070,8.860,0.99713915294,-0.0730489685791,0.0194257011077,407.489,216.734
116909,355.81111156,0.90463180,8.600,0.997204354185,-0.0730356789136,0.0157881474477,407.468,221.092
116912,355.82428805,0.15556928,8.190,0.997341757402,-0.0728151541209,0.00271519281476,407.192,236.749
116914,355.82788926,0.70805116,7.950,0.997273853865,-0.072747181085,0.0123575094778,407.116,225.202
116916,355.84315202,10.33150851,5.090,0.981198566122,-0.0713117897525,0.179343253238,406.796,21.714
116923,355.85305132,9.04142982,8.800,0.98498935958,-0.0714162192825,0.157148608451,406.589,49.464
116937,355.89399371,7.92293367,10.110,0.987912152577,-0.0709185188906,0.137841004309,405.731,73.368
116939,355.90085865,3.31302130,8.810,0.995774838275,-0.0713630283245,0.0577909131826,405.587,170.690
116940,355.90215463,9.67395268,9.260,0.983259789286,-0.0704437723158,0.168041250041,405.560,35.899
116948,355.92799880,7.33669885,8.800,0.989309122438,-0.070428645698,0.12769990652,405.019,85.846
116952,355.96093474,6.27333418,8.500,0.991543048919,-0.0700148338541,0.109271703476,404.329,108.389
116959,355.98665336,7.24955050,8.150,0.989573316881,-0.0694293521604,0.1261911866,403.790,87.707
116972,356.00783088,8.27178813,9.120,0.987195566258,-0.0688958556614,0.143868950899,403.347,65.955
116980,356.03954116,2.14605074,8.520,0.996912247305,-0.0690195718746,0.0374468940255,402.682,195.140
116988,356.06522203,10.98498164,9.750,0.979363165382,-0.0673635337888,0.190551684874,402.145,7.637
116993,356.07590512,0.71242698,8.000,0.997578465413,-0.0684295555241,0.0124338760766,401.921,225.115
116994,356.07745067,8.50462204,9.790,0.986687128866,-0.0676557160703,0.147889194376,401.888,60.999
116998,356.09468522,4.35475807,10.880,0.994797689401,-0.0679112100366,0.0759317108607,401.528,148.844
117006,356.12997185,8.50415608,8.600,0.986749932047,-0.0667513049036,0.147881151261,400.789,61.021
117008,356.13542428,3.17536110,7.260,0.996194307873,-0.0672949607368,0.055392140434,400.674,173.595
117015,356.14559959,5.00706766,9.070,0.993930664796,-0.0669647288691,0.0872786266227,400.461,135.130
117017,356.16178037,8.84878820,8.070,0.985881487529,-0.066142747278,0.153827271739,400.123,53.660
117020,356.16647824,6.13055885,9.080,0.992056445319,-0.0664753172777,0.106794388873,400.024,111.439
117023,356.17500012,8.46267449,8.240,0.986908654009,-0.0659829308225,0.147165082415,399.846,61.916
117027,356.19727292,6.93671953,8.740,0.990494573946,-0.0658359292437,0.120773049167,399.380,94.382
117033,356.20388978,7.19183343,6.880,0.989955782164,-0.0656852867417,0.125191822676,399.241,88.972
117045,356.24472553,3.77099811,10.180,0.995692433807,-0.0653531846608,0.0657688263109,398.386,161.115
117047,356.25019572,0.66033920,7.070,0.997792875676,-0.0653953771836,0.0115248380796,398.272,226.206
117050,356.26343758,3.77493359,10.470,0.995709213985,-0.0650277065409,0.0658373645241,397.994,161.034
117052,356.26787708,2.09140298,7.640,0.997214574786,-0.065048421305,0.0364937627618,397.901,196.295
117059,356.30190113,8.23527111,11.400,0.987627471962,-0.0638340962598,0.14323820992,397.189,66.794
117061,356.30782460,8.23085978,8.660,0.987645068524,-0.0637327009716,0.143162011188,397.065,66.889
117065,356.32598137,5.11628458,7.930,0.993968726703,-0.0638244770994,0.0891773876039,396.685,132.853
117069,356.34069642,10.17985386,6.540,0.982251111133,-0.0628187647702,0.17673866999,396.377,25.115
117072,356.35111630,1.94541258,9.420,0.997397585166,-0.0636053127634,0.0339473311758,396.159,199.352
117075,356.35688592,5.81547567,9.530,0.992842974502,-0.063214475342,0.101325012161,396.038,118.120
117091,356.44793923,1.67207590,8.300,0.997653933515,-0.0619290706296,0.0291790876053,394.133,205.071
117108,356.49794112,10.52486486,9.150,0.981339751175,-0.0600567061274,0.182662215064,393.087,17.706
117111,356.50043132,0.26208283,7.950,0.9981248158,-0.0610403870289,0.00457419234514,393.035,234.527
117131,356.57503939,10.27888395,11.780,0.982193429796,-0.0587824507926,0.178439597466,391.474,23.034
117132,356.57658309,9.78551648,7.480,0.98369236213,-0.0588455609428,0.169960397285,391.442,33.659
117134,356.57841908,11.13184245,8.190,0.979436474523,-0.0585594716722,0.193067295654,391.403,4.587
117141,356.59807048,3.48687164,4.950,0.996389852788,-0.0592301382058,0.0608198322063,390.992,167.102
117154,356.64167796,8.99674047,7.230,0.986001070278,-0.057859522217,0.156378275661,390.080,50.593
117156,356.64436515,0.53011562,7.180,0.998242722158,-0.0585308955267,0.00925213098012,390.024,228.931
117157,356.64473940,1.52283144,9.750,0.997933252902,-0.0585062093252,0.0265752934695,390.016,208.197
117163,356.67481778,5.45985927,8.980,0.993787160755,-0.0577396524602,0.0951483665207,389.387,125.658
117170,356.71158157,8.89684675,7.310,0.98634162159,-0.0566720638738,0.154656014094,388.618,52.743
117194,356.75416287,5.25186630,8.470,0.99420446811,-0.0563825536513,0.0915340550483,387.728,130.048
117207,356.80750604,7.08702707,10.630,0.990819823768,-0.0552652210329,0.123376789437,386.612,91.291
117213,356.82646499,8.08669335,10.530,0.988538045455,-0.0548098346838,0.140671300239,386.216,70.055
117214,356.83155393,9.80873825,8.940,0.983875628797,-0.0544636705525,0.17035978296,386.110,33.212
117215,356.83236769,2.88916520,8.090,0.997202988353,-0.0551872168165,0.0504040784128,386.093,179.636
117219,356.84395924,1.50880143,9.260,0.99813711633,-0.0550363632985,0.0263305092911,385.850,208.496
117222,356.84798292,3.90303917,9.060,0.99617134076,-0.0548578022276,0.0680682112586,385.766,158.397
117229,356.87286250,2.14950903,9.590,0.997808349304,-0.0545133675806,0.0375072101699,385.246,195.108
117246,356.91009685,5.82544599,7.640,0.993389422628,-0.053624477886,0.101498129949,384.468,117.979
117247,356.91198745,9.93048290,8.490,0.983587433521,-0.053062803377,0.172453180653,384.428,30.610
117248,356.91330629,4.46168326,7.560,0.995523179689,-0.0536837340681,0.0777923865044,384.400,146.678
117250,356.92496196,0.76210697,7.110,0.998471802696,-0.0536390316388,0.0133008836633,384.157,224.091
117255,356.93678591,4.22997168,7.440,0.995851106619,-0.0532921434115,0.0737598867728,383.910,151.545
117260,356.96255146,5.24379560,8.390,0.99441582453,-0.0527668831077,0.0913937851917,383.371,130.239
117263,356.96749718,4.17555321,7.690,0.995949037308,-0.0527620291877,0.0728126593476,383.268,152.689
117271,356.98536110,2.76161103,5.490,0.99745638082,-0.0525300243515,0.0481805448626,382.894,182.313
117290,357.05045624,8.24566002,6.660,0.988351184193,-0.0509245709841,0.143417658515,381.534,66.704
117291,357.05291598,0.77484809,8.540,0.99858612192,-0.051408940254,0.0135232381556,381.482,223.827
117294,357.06025617,7.16326231,6.890,0.990889154205,-0.0508854081508,0.124697070197,381.329,89.710
117297,357.07735241,8.18874062,8.010,0.988516783129,-0.0504678465326,0.142434426806,380.972,67.921
117316,357.13533084,6.38037699,6.090,0.992564142542,-0.0496675245396,0.111128573943,379.760,106.290
117334,357.18807103,4.43523412,8.080,0.995804936092,-0.0489108110035,0.0773321525708,378.658,147.257
117335,357.19164924,8.14568485,9.380,0.988722119059,-0.0485010292773,0.141690583467,378.583,68.855
117341,357.20566896,2.21449865,6.470,0.998065024167,-0.0487145370141,0.038640670517,378.290,193.764
117342,357.20570130,7.41295399,9.840,0.990462948632,-0.0483429270639,0.129019799996,378.290,84.434
117353,357.24120678,0.43802941,8.930,0.998811822063,-0.048130015299,0.00764498095369,377.548,230.859
117355,357.24348683,6.44811162,12.300,0.992524213409,-0.0477874440792,0.11230336587,377.500,104.871
117357,357.24470947,9.86518327,12.140,0.984074665662,-0.0473595725426,0.171330450565,377.475,32.076
117359,357.25466927,3.18117161,8.380,0.997313115847,-0.0478229218142,0.0554933969787,377.267,173.548
117363,357.27281649,6.38240883,8.520,0.992676528878,-0.0472854619431,0.111163816519,376.888,106.262
117364,357.28691288,10.21345198,8.840,0.983050855762,-0.0465845452471,0.177315806202,376.593,24.588
117369,357.29977433,2.40357651,8.980,0.998010880448,-0.0470689379734,0.0419380207682,376.324,189.815
117370,357.30403579,3.52864998,8.740,0.996999436049,-0.0469469174567,0.0615476356947,376.235,166.275
117371,357.31042017,4.98246730,8.420,0.995123909412,-0.0467474718678,0.0868508997652,376.102,135.770
117387,357.36448204,1.07619547,5.770,0.998766045417,-0.0459741353816,0.018782049895,374.973,217.542
117391,357.38580684,5.55296980,7.750,0.994271349615,-0.045396406736,0.0967659526411,374.527,123.771
117394,357.39275077,4.89363465,7.990,0.995323375335,-0.0453235616311,0.0853062323191,374.382,137.644
117402,357.42888957,11.17423172,9.450,0.980054811305,-0.0440088594853,0.193793155516,373.627,3.851
117418,357.50476744,8.72326957,11.340,0.987495189096,-0.0430326477087,0.151662265389,372.043,56.583
117422,357.52282605,2.87672110,8.340,0.997806527752,-0.0431669071017,0.0501871627776,371.666,179.932
117424,357.52523964,11.10310015,6.780,0.980367042552,-0.0423710682998,0.192575061856,371.615,5.410
117425,357.53297946,1.97023826,8.560,0.998482531732,-0.0430188809239,0.0343803680925,371.454,198.879
117426,357.53622303,4.46694620,9.000,0.996040837226,-0.0428571909486,0.0778839634463,371.386,146.617
117429,357.54289625,9.56023785,9.580,0.985204901534,-0.0422759889057,0.166084444653,371.247,38.674
117437,357.56103429,9.97432690,5.930,0.983993274655,-0.0419119263111,0.173206887469,370.868,29.782
117460,357.62827261,9.50977797,8.490,0.985412564802,-0.0408139272574,0.165215920758,369.464,39.769
117503,357.77832279,2.23786488,6.960,0.998486223555,-0.038736300548,0.0390481803694,366.331,193.296
117508,357.78941876,1.93612928,9.710,0.998685345274,-0.0385503292334,0.0337853999675,366.100,199.598
117510,357.79100384,2.52036489,7.860,0.998290250225,-0.0385074194525,0.0439744806901,366.066,187.393
117524,357.83856042,9.31350996,5.770,0.986115488176,-0.0372181115668,0.161836510559,365.074,44.004
117532,357.85894976,7.51871821,9.660,0.990710052056,-0.0370384675916,0.130850084728,364.648,82.266
117537,357.87034316,3.40385007,7.910,0.997546351791,-0.0370954077779,0.0593734515627,364.410,168.918
117540,357.88568401,3.50847255,8.620,0.997446242738,-0.0368242538261,0.0611961369458,364.090,166.729
117552,357.91751123,4.69783845,6.820,0.995982242615,-0.0362162043549,0.0819009092658,363.426,141.795
117558,357.93932017,5.68044496,8.630,0.994445891271,-0.0357813201192,0.0989801316654,362.971,121.132
117562,357.94489938,6.61304557,8.750,0.992707651978,-0.0356219859511,0.115163326718,362.854,101.455
117570,357.97318276,4.74534804,6.790,0.995948749927,-0.0352460257895,0.0827272940745,362.264,140.801
117572,357.97577746,7.45561845,8.310,0.99092692919,-0.0350233752768,0.12975817581,362.210,83.617
117579,357.99095935,2.93041943,5.590,0.998078467281,-0.0350113469206,0.0511231722136,361.893,178.828
117600,358.07010225,1.49854564,8.110,0.999090962139,-0.0336651833438,0.0261515736272,360.241,208.740
117608,358.10119174,9.55413579,8.750,0.985587738169,-0.0326747900777,0.16597942181,359.593,38.879
117615,358.12217581,9.40697916,10.100,0.986022454949,-0.0323276875724,0.163446134715,359.155,42.036
117626,358.15465752,10.94732837,5.300,0.981293005336,-0.0316157328056,0.18990651152,358.477,8.879
117632,358.16872110,5.99364120,9.550,0.994025545637,-0.0317817147777,0.104418088599,358.184,114.549
117635,358.17843240,0.80824955,10.220,0.999395219362,-0.0317838340324,0.0141061479685,357.981,223.143
117636,358.17849665,8.72049129,8.500,0.987940269373,-0.0314184225089,0.151614335993,357.980,56.723
117638,358.18687361,8.89487373,7.730,0.987479062879,-0.0312592349976,0.154621992625,357.805,53.000
117641,358.19048568,9.56148052,8.520,0.985616189674,-0.0311380667787,0.166105832075,357.730,38.732
117652,358.21038458,8.99669856,5.760,0.987215590637,-0.0308453960999,0.156377553193,357.314,50.827
117657,358.23133386,3.15537813,5.930,0.99800824615,-0.0308173531882,0.0550439039238,356.877,174.132
117670,358.26978730,2.09065153,6.290,0.998878740616,-0.0301732210352,0.0364806562183,356.075,196.384
117672,358.27863737,2.33100217,8.030,0.998721636982,-0.0300140699474,0.0406724406684,355.890,191.365
117673,358.27930385,6.64988610,8.380,0.992824428631,-0.0298252849361,0.115802013335,355.876,100.703
117675,358.28308505,5.33474700,9.550,0.995221500019,-0.0298315568091,0.0929744272238,355.798,128.432
117676,358.28398346,6.69900201,8.240,0.992727271567,-0.0297412126783,0.116653437825,355.779,99.665
117683,358.30031060,5.15756932,8.080,0.995513046237,-0.0295407360312,0.0898950481724,355.438,132.158
117685,358.30664282,11.01462034,7.660,0.981149799868,-0.029005992837,0.191059473984,355.306,7.442
117700,358.38430536,4.81301120,8.290,0.996077662355,-0.0280960320895,0.0839041330219,353.686,139.402
117701,358.38656885,1.70330280,8.540,0.999161865778,-0.028143523589,0.0297238633986,353.639,204.472
117714,358.41777317,2.73125600,8.900,0.998483190178,-0.0275801920584,0.0476513581888,352.988,183.006
117716,358.42229309,1.66074512,8.620,0.999201013247,-0.0275211354058,0.0289814118242,352.894,205.361
117728,358.46724603,0.59620014,7.610,0.999588078224,-0.0267469646091,0.0104054676615,351.956,227.568
117739,358.51230205,9.28989850,7.210,0.986551536003,-0.0256217933458,0.161429831554,351.016,44.583
117741,358.51821612,9.22765167,8.610,0.986728913864,-0.0255244814607,0.160357573537,350.893,45.916
117743,358.52190110,4.87121384,7.710,0.996056544858,-0.0257016623499,0.0849163352787,350.816,138.187
117754,358.58101350,3.67799404,7.300,0.997634300261,-0.0247124502794,0.0641490276075,349.583,163.208
117762,358.60605469,2.46401319,7.710,0.998779761014,-0.0243040434904,0.0429918882819,349.061,188.594
117771,358.64493270,2.97960816,8.400,0.998368818849,-0.0236162112413,0.0519805359423,348.250,177.820
117773,358.65126014,5.05672546,8.240,0.995831948124,-0.0234461664677,0.0881419784945,348.118,134.295
117777,358.66108913,1.94620275,7.580,0.999150283772,-0.0233527975652,0.0339611142919,347.913,199.407
117783,358.69436350,0.10934429,5.780,0.999738552052,-0.0227856421318,0.00190841672033,347.219,237.720
117796,358.71898289,6.10701019,7.350,0.994076424631,-0.0222292313414,0.10638572868,346.706,112.191
117798,358.72054756,0.28562263,8.360,0.999738258959,-0.022328524409,0.00498503466465,346.673,234.045
117805,358.74054741,10.43733185,8.900,0.98321605416,-0.0216161382602,0.181159966352,346.256,19.955
117808,358.75016243,8.38946965,7.800,0.989063799516,-0.021578643609,0.145901208448,346.055,63.830
117810,358.75643213,5.92834770,8.170,0.994417567079,-0.0215865804722,0.103284664048,345.925,115.959
117813,358.76607484,9.46060016,6.730,0.986170126551,-0.0212414998753,0.164369340759,345.724,40.948
117820,358.77911257,8.44146903,9.290,0.988941785003,-0.0210760613905,0.146798996973,345.452,62.724
117822,358.78218565,4.66804645,7.830,0.996457801496,-0.0211827711226,0.0813826765727,345.388,142.463
117823,358.78241335,7.07101644,6.220,0.992170261286,-0.0210876815066,0.123099481351,345.383,91.828
117829,358.83817961,3.23973048,8.300,0.998196561215,-0.0202437964235,0.0565138379891,344.220,172.386
117833,358.84381455,1.07929939,9.640,0.999619024892,-0.0201742934878,0.018836213935,344.102,217.496
117836,358.84792615,4.90158077,7.990,0.996141529856,-0.0200325976615,0.0854444119141,344.017,137.562
117849,358.88558803,3.50216062,7.720,0.997943700449,-0.0194126107967,0.0610861790877,343.231,166.897
117856,358.89957740,0.69583972,9.230,0.999741838208,-0.019203400525,0.0121443956383,342.940,225.493
117858,358.90709245,8.22329782,6.840,0.989538104096,-0.018877565813,0.143031388344,342.783,67.378
117860,358.90818828,10.79090016,8.470,0.982138654541,-0.0187176143539,0.187225303231,342.760,12.339
117862,358.91691017,6.14162219,11.140,0.994082846776,-0.0187938674834,0.106986374323,342.578,111.470
117873,358.93503937,9.06181964,7.270,0.987348401078,-0.0183540269437,0.157500046296,342.200,49.494
117884,358.98533041,10.86575284,8.600,0.981917569766,-0.0173909156141,0.188508467285,341.152,10.727
117909,359.07492548,4.62656706,9.050,0.996611671838,-0.0160922879603,0.0806611047822,339.284,143.342
117912,359.08160384,10.01223322,7.360,0.984644149085,-0.0157842491688,0.173858439978,339.144,29.130
117915,359.08839344,10.91946728,8.390,0.981770129128,-0.015621807156,0.189429070347,339.003,9.572
117916,359.08958122,9.49899672,8.200,0.986163982104,-0.0156712726001,0.165030335443,338.978,40.146
117921,359.11085615,0.48132036,8.610,0.999844309892,-0.015517317296,0.00840052623318,338.535,229.966
117922,359.11276510,5.97801864,9.050,0.994442683354,-0.0154003452211,0.104146910137,338.495,114.927
117924,359.11567910,0.93229428,9.100,0.999748529508,-0.0154316554607,0.0162708867674,338.434,220.564
117926,359.12772785,1.91861967,8.970,0.999323570374,-0.0152148984868,0.0334799725134,338.183,199.989
117931,359.13663243,1.25101799,8.600,0.999648137085,-0.015064444877,0.0218326480802,337.997,213.917
117949,359.19117689,3.74162268,8.740,0.997769049749,-0.0140860685436,0.0652572297658,336.860,161.892
117950,359.19704781,4.72511081,6.870,0.996503517223,-0.0139660734932,0.0823752933391,336.738,141.278
117959,359.25439425,7.46059096,9.190,0.991450450366,-0.0129027459647,0.129844228269,335.542,83.596
117960,359.25588082,7.35420849,8.300,0.991690140298,-0.0128801310056,0.128002999422,335.511,85.851
117966,359.26407206,6.25717600,8.970,0.993960699088,-0.0127674967467,0.108991374412,335.340,109.045
117969,359.26793872,2.61434380,9.070,0.998877643758,-0.0127632339862,0.0456130755281,335.260,185.465
117976,359.29204597,5.45973823,8.500,0.995387313783,-0.0122997597886,0.0951462635583,334.757,125.844
117991,359.33384807,9.73909876,11.710,0.985521648631,-0.0114587276223,0.169161986395,333.886,35.009
118000,359.35151968,3.00998914,7.640,0.998556434313,-0.0113022608832,0.0525100598976,333.517,177.199
118011,359.38853299,9.64716359,7.890,0.985802284543,-0.0105209924029,0.167580322555,332.746,36.984
118028,359.44147776,7.37515118,8.520,0.991679808148,-0.00966725258112,0.128365502919,331.642,85.412
118033,359.44834427,5.40437650,8.890,0.995508628493,-0.0095852611573,0.0941843583822,331.499,127.012
118037,359.45241540,5.45648617,8.130,0.995423239966,-0.00951370306158,0.0950897617497,331.414,125.916
118042,359.47920649,7.09261536,9.970,0.992306866507,-0.00901988267204,0.12347357774,330.856,91.398
118052,359.51181351,1.98003603,8.950,0.999366649388,-0.00851527124031,0.0345512698411,330.176,198.711
118055,359.51901150,0.12814830,9.020,0.999962262474,-0.00839471339076,0.00223660790109,330.026,237.329
118062,359.53831823,3.97913266,8.650,0.997557003495,-0.00803835561753,0.0693931525187,329.623,156.924
118081,359.59830917,3.57071390,8.650,0.998034164687,-0.00699716006733,0.0622803810948,328.373,165.475
118082,359.59834320,3.35458892,8.400,0.998261989524,-0.00699816440173,0.0585151772332,328.372,169.996
118095,359.63040916,1.68849841,8.940,0.999544999334,-0.00644773145652,0.029465591228,327.704,204.795
118096,359.63583351,7.65940573,11.780,0.991057862209,-0.00629915372773,0.133284036615,327.591,79.388
118105,359.66837736,3.55580738,4.880,0.998058144663,-0.0057767321709,0.0620207162017,326.912,165.787
118115,359.70148489,8.82443598,9.160,0.988149633166,-0.00514837686157,0.153407290207,326.222,54.595
118117,359.70341248,2.83060878,12.460,0.998766516766,-0.00517008988457,0.0493833490004,326.182,180.951
118118,359.70440400,9.55014305,8.250,0.986127656768,-0.00508759946257,0.165910701553,326.161,39.073
118131,359.73425473,4.27351665,7.920,0.997208957591,-0.00462521788209,0.074517798271,325.539,150.758
118138,359.74770288,6.41351914,8.970,0.993731955669,-0.0043758429168,0.111703412125,325.259,105.756
118148,359.78298599,8.48760376,8.460,0.989040725127,-0.00374611746327,0.147595428944,324.523,61.780
118157,359.80779597,9.37207305,9.360,0.986646100763,-0.0033098086755,0.162845070592,324.006,42.889
118164,359.82750994,6.86359373,4.030,0.992828978442,-0.00298894000373,0.119506007397,323.595,96.248
118182,359.88043173,2.84380029,7.120,0.998766327025,-0.00208428851532,0.0496133020618,322.492,180.676
118189,359.89563887,1.84999158,7.490,0.999477115505,-0.00182049493734,0.0322828341456,322.175,201.426
118190,359.89624486,7.81050916,8.690,0.99072130652,-0.00179406827332,0.135897292568,322.163,76.184
118194,359.91926768,5.89291350,6.550,0.994714535716,-0.00140159826841,0.102669508414,321.683,116.735
118201,359.93642583,8.68917169,11.940,0.98852184737,-0.00109684312349,0.151074002422,321.325,57.484
118203,359.94372764,0.28005255,6.830,0.999987572247,-0.000982126069884,0.00488781961359,321.173,234.163
118205,359.94922017,11.27342446,6.740,0.980705053727,-0.000869174821787,0.195491284023,321.058,1.940
118206,359.94925671,6.66456539,8.850,0.993242225162,-0.000879652775077,0.116056487829,321.058,100.456
118207,359.95443374,2.11255241,8.350,0.999320025839,-0.00079474066166,0.0368626415729,320.950,195.947
118216,359.97605747,5.95663786,7.590,0.994600632116,-0.000415619737805,0.103775767187,320.499,115.392
