x,y,area
41.0,0.8461538461538461,13
93.0,1.3333333333333333,18
119.06896551724138,2.5344827586206895,58
191.97619047619048,2.380952380952381,42
208.52173913043478,2.3043478260869565,46
303.0,2.0,21
314.0,1.3333333333333333,18
324.0,1.3333333333333333,18
350.0,1.3333333333333333,18
378.0,1.3333333333333333,18
411.0,1.3333333333333333,18
434.6545454545454,4.127272727272727,55
456.0,0.8461538461538461,13
474.0,1.3333333333333333,18
514.0,3.0,21
522.5,2.0,26
538.5,3.5,42
556.0566037735849,4.943396226415095,53
574.0,2.5,40
591.0,1.3333333333333333,18
54.5,5.0,42
64.0,4.0,21
135.0,5.0,35
248.0,4.0,21
262.0,4.0,21
274.6393442622951,9.59016393442623,61
406.0,5.0,21
586.0,5.0,21
598.0,4.0,21
26.0,7.0,21
70.6590909090909,8.227272727272727,44
112.8157894736842,8.960526315789474,76
371.03636363636366,9.527272727272727,55
456.0373831775701,14.16822429906542,107
612.0,6.0,21
628.7586206896551,9.775862068965518,58
17.0,8.0,21
80.5,10.5,36
149.0,8.0,21
190.0,9.0,21
235.5,10.5,42
311.1454545454545,12.4,55
333.8125,8.421875,64
384.0,8.0,21
413.6,10.142857142857142,35
420.0,8.0,21
467.3220338983051,9.694915254237289,59
498.0,8.0,21
594.0,9.0,21
168.5,12.5,36
267.0,10.0,21
487.0,11.0,21
574.5,12.5,40
37.0,12.0,21
104.0,13.0,21
176.0,12.0,21
255.0,12.0,21
281.16,16.14,50
299.0,13.0,35
504.0,13.0,21
63.3859649122807,18.05263157894737,57
94.88479262672811,22.76036866359447,217
153.66666666666666,16.444444444444443,54
209.5,16.5,42
345.2761904761905,21.085714285714285,105
19.48076923076923,19.96153846153846,52
142.01694915254237,18.694915254237287,59
189.00980392156862,18.470588235294116,102
223.5,17.0,32
366.0,17.0,21
431.0,17.5,42
491.5,16.0,26
511.0,17.0,21
526.8415841584158,21.752475247524753,101
606.5,17.5,42
4.0,18.0,21
44.689655172413794,19.379310344827587,58
174.0,18.0,31
304.0,19.0,21
378.6393442622951,21.049180327868854,61
397.0,19.5,42
10.0,20.0,21
30.0,20.17391304347826,23
236.51041666666666,25.145833333333332,96
244.0,21.0,21
449.22857142857146,23.442857142857143,70
569.0,22.5,42
584.8727272727273,22.381818181818183,55
614.0,21.0,21
118.0,24.5,42
126.0,23.0,21
218.88888888888889,22.88888888888889,27
321.6981132075472,26.80188679245283,106
540.5227272727273,24.477272727272727,44
594.0,23.0,21
168.0,25.0,21
266.0,25.0,21
277.0,24.0,21
355.0,24.0,21
495.7307692307692,24.596153846153847,52
507.0,24.0,21
598.9508196721312,28.737704918032787,61
630.9866666666667,26.64,75
34.0,27.0,21
77.53623188405797,30.405797101449274,69
157.82608695652175,26.0,23
175.6153846153846,29.046153846153846,65
191.0,28.0,41
227.0,27.0,21
432.0,27.0,21
486.5,27.0,32
551.0,28.5,38
59.0,29.0,21
138.0,29.0,21
291.0,28.0,21
388.0,29.0,21
124.5,33.0,40
144.41071428571428,34.0,56
203.5,32.0,38
252.0,31.5,38
382.5068493150685,35.6986301369863,73
410.0,30.0,21
461.0,30.0,21
492.0,31.0,21
28.0,32.0,21
162.0,32.0,21
280.864406779661,35.03389830508475,59
362.5,34.5,44
478.5,33.5,28
513.0,32.0,21
559.5862068965517,33.86206896551724,58
6.5,36.0,42
34.0,35.0,21
55.0,37.88,50
134.0,35.0,21
217.9512195121951,36.03658536585366,82
336.0,35.05,40
397.984126984127,35.93650793650794,63
589.0,35.0,21
17.0,36.0,21
154.0,37.5,38
176.0,37.0,21
292.0,36.0,21
304.0,36.0,21
346.09090909090907,36.09090909090909,22
442.9710144927536,41.05797101449275,69
534.2857142857143,40.88775510204081,98
632.0,37.0,21
110.0,40.5,42
117.5,40.5,36
193.9090909090909,38.09090909090909,22
265.06382978723406,39.808510638297875,47
370.0,39.0,21
21.213333333333335,46.04,75
41.5,41.5,42
62.0,41.0,21
98.54838709677419,41.41935483870968,31
212.0,41.0,21
226.0,41.0,21
242.72131147540983,42.049180327868854,61
415.5,42.410714285714285,56
469.0,41.5,36
91.0,43.0,21
186.0,43.0,21
256.0,44.5,42
298.0,42.0,21
322.0,44.5,42
333.0,42.0,21
149.0,44.0,21
169.0,45.0,21
231.5,47.5,42
305.0,44.0,21
401.0,45.0,21
559.9090909090909,45.09090909090909,22
601.3333333333334,46.044444444444444,45
634.0,45.0,21
73.0,47.0,21
129.53424657534248,47.95890410958904,73
294.3536585365854,49.53658536585366,82
368.015873015873,50.53968253968254,63
378.15384615384613,50.43076923076923,65
551.0,46.0,21
579.0,46.0,21
181.86274509803923,57.666666666666664,102
241.0,50.0,43
395.0,49.0,21
407.0,48.0,21
457.36507936507934,52.111111111111114,126
487.0,48.0,21
520.5,48.5,36
573.7358490566038,53.65094339622642,106
591.4,53.6,105
86.0,51.0,21
174.5,50.5,36
202.0,50.0,21
386.0,51.0,21
437.0,50.0,21
473.0,51.0,21
6.185185185185185,54.2962962962963,54
60.93333333333333,55.233333333333334,60
77.12790697674419,57.604651162790695,86
105.0,53.0,21
112.0,53.0,21
154.27,57.61,100
327.64102564102564,57.75,156
414.0,53.05,40
431.0,53.0,21
497.0,53.0,21
509.0,54.5,42
552.0,53.0,21
122.66666666666667,58.666666666666664,63
237.0,55.0,21
267.0,55.0,21
527.53,62.06,100
618.24,57.06666666666667,75
35.0,56.0,21
202.0,56.0,21
258.0,57.0,21
358.2,60.81333333333333,75
493.38961038961037,59.83116883116883,77
637.6666666666666,57.0,18
140.0,59.0,21
191.0,60.0,41
275.0,58.0,21
286.0,58.0,21
406.8019801980198,64.27722772277228,101
440.0,58.0,21
544.25,61.125,56
632.0,58.0,21
41.203252032520325,65.76422764227642,123
90.0,61.0,21
111.44827586206897,60.41379310344828,29
216.0,61.0,21
348.0,61.0,21
447.0,61.0,21
454.0,61.0,21
474.0,61.0,21
608.0,61.0,21
624.0,61.0,21
13.833333333333334,65.93055555555556,72
238.171875,64.9375,64
250.0,63.0,21
269.0,63.0,21
280.0,62.0,21
93.93548387096774,67.6774193548387,62
298.0,65.0,21
312.5,67.5,42
434.0,65.0,21
461.1875,66.85416666666667,48
58.5,67.5,42
68.5,69.5,42
169.0,67.0,21
201.0,67.5,40
222.56338028169014,70.28169014084507,71
275.0,66.0,21
476.0,67.30508474576271,59
502.0,67.0,21
511.0,69.0,43
577.5,69.0,42
589.0,67.0,21
595.0,66.0,21
620.5,68.5,40
3.840909090909091,69.86363636363636,44
138.0,69.0,21
149.95876288659792,73.78350515463917,97
331.0,69.0,21
376.2190476190476,74.88571428571429,105
486.0,69.0,21
187.0,70.0,21
246.0,70.0,21
269.0,71.0,21
352.0,71.0,21
384.5,72.5,36
441.5,72.5,36
635.0,73.0,41
76.0,73.0,21
118.0,73.0,21
160.725,74.3,40
196.51162790697674,74.02325581395348,43
364.0,72.0,21
396.0,73.0,35
427.54237288135596,72.96610169491525,59
553.0,73.0,21
585.0,72.0,21
57.0,75.0,21
88.54166666666667,77.86111111111111,72
104.05882352941177,76.74509803921569,51
112.0,75.0,21
234.0,75.0,21
262.0,75.0,21
318.0,74.0,21
543.0,74.0,21
134.0,77.0,21
276.0,76.0,21
311.0,77.0,21
390.0,79.28260869565217,46
421.03225806451616,78.33870967741936,62
479.2692307692308,78.73076923076923,52
595.3703703703703,78.68518518518519,54
609.5,79.5,42
34.0,80.0,35
174.0,78.0,41
333.921875,83.484375,64
451.0,79.0,21
498.6222222222222,80.08888888888889,45
620.0,79.0,21
62.03030303030303,80.57575757575758,33
68.5,82.5,36
80.0909090909091,81.0909090909091,22
195.65853658536585,81.8780487804878,41
205.0,80.0,21
214.0,81.0,31
409.5,81.0,36
463.0,81.0,21
12.5,84.5,36
266.82608695652175,82.0,23
284.4375,83.328125,64
304.0,82.0,21
318.0,82.0,21
400.0,83.0,21
440.0,84.0,41
508.0,82.0,21
538.0,82.0,21
547.0,85.0,41
560.0,82.0,21
636.8235294117648,84.47058823529412,34
123.5,86.5,42
148.05405405405406,86.4054054054054,37
232.85714285714286,86.69642857142857,56
247.9787234042553,88.81914893617021,94
311.375,87.75,56
360.4756097560976,88.2560975609756,82
493.0,84.0,21
521.5,84.0,26
568.0,84.0,21
585.0,87.5,42
5.0,86.0,21
181.22413793103448,92.01724137931035,116
202.0,86.0,21
295.39344262295083,89.01639344262296,61
409.0,87.0,21
448.0,87.0,21
456.27868852459017,89.04918032786885,61
486.0,87.0,21
592.0,87.0,21
627.0,86.0,21
103.04347826086956,90.6086956521739,46
162.01694915254237,90.30508474576271,59
218.0,89.0,21
266.0,89.0,23
322.0,88.0,21
415.0,88.0,21
532.0,88.0,21
539.9090909090909,87.9090909090909,22
91.0,91.0,21
275.0,90.0,21
349.0,92.5,42
435.77777777777777,91.24444444444444,45
573.5,90.0,36
624.5,91.5,36
19.0,92.0,21
34.0,92.0,21
46.7032967032967,97.53846153846153,91
141.5,94.5,36
283.0,93.0,21
326.5,94.0,40
461.6666666666667,95.66666666666667,63
82.46153846153847,95.05128205128206,39
126.02380952380952,95.38095238095238,42
210.0,94.0,21
398.0,95.0,21
444.0,94.0,21
514.0,96.5,36
564.0,95.0,21
18.877551020408163,98.58163265306122,98
199.0,96.0,21
258.0,97.0,21
422.0,96.0,21
428.5,96.0,26
557.0,96.0,21
578.0,96.0,21
638.1538461538462,97.0,13
66.25,100.60416666666667,48
97.0,99.0,21
218.5,101.0,40
234.0,98.0,21
318.5,100.5,42
334.5,100.0,40
375.0,99.0,21
434.5,100.5,42
485.37391304347824,106.01739130434783,115
611.719298245614,105.95614035087719,114
627.0,98.0,21
391.0857142857143,104.32857142857142,70
406.0,101.0,21
412.0,100.0,21
549.0,101.0,21
40.0,103.0,21
77.0,102.0,21
152.54347826086956,110.27826086956522,230
251.0,102.0,21
263.0,102.0,21
281.0,103.0,21
295.0,103.0,21
328.0,102.0,21
445.0,103.0,21
527.3166666666667,105.36666666666666,60
539.0,103.0,31
570.0,103.0,21
584.9787234042553,104.02127659574468,47
33.0,104.0,21
99.5,105.5,40
232.5,106.0,32
274.5,105.5,28
351.95384615384614,106.66153846153846,65
473.11538461538464,106.5,52
17.448275862068964,107.58620689655173,29
123.0,107.0,21
178.5,107.5,36
456.1666666666667,110.4888888888889,90
553.5333333333333,107.53333333333333,30
59.0,109.0,21
83.5,109.0,32
135.31147540983608,111.95081967213115,61
212.13953488372093,109.90697674418605,43
323.90909090909093,108.0909090909091,22
343.0,109.0,21
412.0,109.0,21
423.48837209302326,111.48837209302326,43
481.0,108.0,21
104.5,112.0,40
188.0,111.0,21
221.0,111.0,21
281.5,112.5,42
296.0,110.5,32
363.0,110.0,31
502.0,111.0,21
547.0,111.0,21
576.0,110.0,21
42.641975308641975,115.65432098765432,81
233.0,113.0,21
266.1714285714286,115.66666666666667,105
316.0,115.0,41
375.0,112.0,21
401.0,113.0,21
513.0,112.0,21
525.0,113.0,21
558.8691588785047,120.57943925233644,107
583.6506024096385,115.86746987951807,83
5.909090909090909,114.9090909090909,22
22.63302752293578,117.45871559633028,109
301.0,115.0,21
347.0,115.0,21
471.67123287671234,117.5068493150685,73
636.0,114.0,21
170.0,116.0,21
362.0,117.0,21
369.0,116.0,21
404.8119658119658,126.07692307692308,117
439.0,116.0,21
538.5,118.0,32
568.0,117.0,21
67.0,119.5,36
109.90963855421687,125.65060240963855,166
194.0,121.0,43
239.45945945945945,120.91891891891892,74
323.25,124.25,84
332.5,121.5,42
354.0,118.0,21
457.030303030303,118.57575757575758,33
518.8529411764706,122.57352941176471,68
624.5,120.5,36
77.0,121.0,21
85.5,121.0,36
93.0,120.0,21
127.95,122.0,40
251.0,120.0,21
377.0,120.0,21
389.5,121.5,40
422.0,121.0,21
429.5,120.5,28
5.618181818181818,124.21818181818182,55
56.473684210526315,123.6842105263158,57
145.0,123.0,21
166.0,123.0,21
184.0,123.0,21
272.0,122.0,21
506.44827586206895,122.58620689655173,29
208.0,125.0,21
290.0,125.0,21
297.73333333333335,127.96,75
482.0163934426229,127.73770491803279,61
257.0,126.0,21
350.0,127.0,21
370.0,127.0,21
384.0,127.0,21
446.5357142857143,129.95238095238096,84
575.0,126.0,21
592.672131147541,129.95081967213116,61
248.0,128.0,21
314.0,129.0,21
341.95,130.0,40
437.0,128.0,21
499.0,128.0,21
636.0,129.0,21
12.5,131.5,42
56.916666666666664,130.91666666666666,24
84.91752577319588,135.1237113402062,97
142.0,131.0,21
177.0,131.5,38
195.0,130.0,21
214.9056603773585,134.26415094339623,159
265.0,131.5,38
281.0,131.0,21
308.0,130.0,21
492.0,132.0,43
506.0,130.0,21
527.5,131.5,28
540.95,132.0,40
615.5,130.73214285714286,56
41.5,132.5,28
164.0,133.0,21
365.0,132.0,21
455.35483870967744,136.41935483870967,62
564.0,133.0,21
581.0,132.0,21
48.0,135.0,21
153.5,136.0,38
237.70886075949366,140.54430379746836,79
271.0,136.0,43
289.9767441860465,137.51162790697674,43
422.5,137.0,40
467.5,135.0,26
607.0,135.0,21
629.709090909091,135.61818181818182,55
322.327868852459,140.7377049180328,61
336.0,137.0,21
352.0,136.0,21
390.5,137.5,36
588.0,137.0,21
614.0,139.5,42
21.5,140.5,40
67.0,139.0,21
103.0,139.0,21
364.3188405797101,140.97101449275362,69
379.0,138.0,21
439.0,138.0,21
499.0,139.5,40
548.5813953488372,141.51162790697674,43
561.0,138.5,40
49.0,141.0,21
283.0,143.5,42
406.525,143.875,80
475.0,140.0,21
514.0,140.0,21
523.0,143.0,42
573.0,140.0,21
127.9672131147541,145.39344262295083,61
140.0,143.0,21
172.49411764705883,147.23529411764707,85
213.0,143.0,21
375.0,143.0,21
396.0,142.0,21
483.0,142.0,21
539.536,147.984,125
56.0,145.0,21
148.35087719298247,146.73684210526315,57
188.0,144.0,21
207.0,146.5,42
228.0909090909091,143.9090909090909,22
254.56428571428572,148.77857142857144,140
296.0,144.0,21
354.5,147.5,42
381.90909090909093,144.0909090909091,22
506.0,145.0,21
622.0,145.0,21
631.6933333333334,148.08,75
9.5,148.0,38
18.0,146.0,21
429.53521126760563,148.1549295774648,71
43.0,149.0,21
105.25,152.4431818181818,88
115.5,148.5,28
272.0,149.0,21
375.24242424242425,152.87878787878788,66
443.0,149.0,21
95.5,152.5,40
134.0,151.0,21
315.5,151.5,42
335.0,151.0,31
343.0,150.0,21
395.0163934426229,154.7377049180328,61
459.0,151.0,21
589.0,151.0,21
30.0,153.0,21
83.0,153.0,41
197.5,152.0,36
228.40540540540542,153.56756756756758,37
285.4736842105263,156.52631578947367,57
413.0,153.0,21
436.0,152.0,21
484.0,152.0,21
503.78723404255317,153.93617021276594,47
567.0,152.0,21
597.5,155.5,42
39.0,154.0,21
120.0,155.0,21
141.0,155.0,21
166.0,154.0,21
454.0,155.0,21
468.0,154.0,21
519.0,155.0,39
556.58,155.6,50
604.0,154.0,21
618.0,154.0,21
8.0,156.0,21
63.0,161.0,63
68.0,156.0,21
577.6290322580645,158.0,62
588.0,157.0,21
205.0,159.0,21
247.0909090909091,158.9090909090909,22
440.0,159.0,25
451.50588235294117,163.76470588235293,85
491.0,159.0,21
547.5,160.0,38
612.0,158.0,21
21.06756756756757,164.44594594594594,74
48.0,161.0,21
93.62903225806451,162.0,62
152.0,161.0,21
211.83673469387756,162.53061224489795,49
263.0,160.0,21
344.5,161.0,32
410.5,162.0,42
130.0,162.0,21
165.0,163.0,21
225.5,165.0,40
294.0,162.0,21
302.1333333333333,165.0222222222222,45
314.6533333333333,166.72,75
337.0,162.0,21
362.0,162.0,21
388.0,163.0,21
499.3333333333333,164.55555555555554,54
512.0,162.0,21
563.0,162.0,21
588.7916666666666,168.33333333333334,72
1.3333333333333333,164.0,18
55.0,165.0,21
76.0,165.0,41
193.0,164.0,21
275.0,164.0,21
327.0,168.66666666666666,63
605.0,165.0,21
636.0,164.0,21
105.0,167.5,32
185.0,166.0,21
233.0,167.0,21
470.5263157894737,168.10526315789474,57
567.0,167.0,21
574.0,166.0,21
596.5,168.0,38
620.4545454545455,168.38181818181818,55
38.0,169.0,21
87.0,168.0,21
121.0,169.0,21
166.0,169.0,21
282.5,169.5,28
404.0,169.0,21
544.758064516129,171.59677419354838,62
149.5,173.0,40
181.0483870967742,173.32258064516128,62
214.0,170.0,21
246.0,170.0,21
260.5,173.0,42
276.0,171.0,21
422.1506849315069,171.34246575342465,73
433.3333333333333,173.66666666666666,63
513.8412698412699,178.43650793650792,126
113.0,172.0,21
135.0,172.0,21
360.0,173.0,21
563.0,172.0,21
10.065573770491802,176.29508196721312,61
165.0,175.0,21
313.0,176.0,35
347.0,175.0,21
369.0,176.5,38
391.9117647058824,179.8235294117647,102
407.0,175.0,21
460.0,175.0,21
554.0,174.0,21
613.0,174.0,21
50.0,176.0,21
94.0,177.5,42
225.0,177.0,21
243.0,178.42857142857142,49
306.2923076923077,185.76923076923077,130
378.5,177.0,26
441.0,177.0,41
472.0,176.0,21
500.0,177.0,21
626.3333333333334,180.33333333333334,63
636.0,177.0,21
115.0,178.0,21
121.5,180.5,42
129.0,178.0,21
336.04347826086956,184.95652173913044,92
454.0,178.0,21
491.0,180.5,44
528.0,179.0,21
601.0,179.0,21
63.5,181.0,42
74.0,181.0,21
85.24050632911393,185.15189873417722,79
104.0,180.0,21
194.5,180.0,26
211.0,180.0,21
420.0,181.0,21
547.0,181.0,21
14.688524590163935,186.0327868852459,61
202.45238095238096,184.38095238095238,42
220.0,182.0,21
319.5,183.5,36
410.5,184.5,40
443.5,184.5,36
114.5,186.0,32
227.0,184.0,21
329.0,184.0,21
481.0,184.0,21
593.578947368421,185.6315789473684,38
26.5,188.5,40
34.0,186.0,21
68.54285714285714,191.54285714285714,70
163.0,187.0,21
254.5,189.0,42
267.5833333333333,187.5625,48
142.79245283018867,190.03773584905662,53
190.5,190.0,38
216.0,188.5,32
297.0,189.0,21
461.0,188.0,21
498.0,189.5,40
552.0,189.0,21
619.5,189.0,38
57.0,190.0,21
135.0,190.0,21
232.0,191.0,21
364.0,193.0,63
422.0,192.0,41
507.0,191.0,21
535.0232558139535,192.51162790697674,43
566.3142857142857,190.82857142857142,70
289.0,192.0,21
450.2395833333333,195.28125,96
482.0,192.0,21
592.0,192.5,40
12.959016393442623,199.44262295081967,122
40.0,195.0,21
176.5,196.5,42
323.5,195.5,36
392.1055900621118,204.5527950310559,161
404.0,195.0,21
466.0,195.0,21
512.5185185185185,195.11111111111111,27
612.0,195.0,21
47.0,196.0,21
103.58536585365853,197.58536585365854,41
126.0,199.0,63
158.0,197.0,21
198.09803921568627,199.05882352941177,51
277.5,196.5,36
380.0,197.0,21
542.472972972973,198.5810810810811,74
627.9344262295082,197.36065573770492,61
60.0,198.0,21
92.71875,201.6875,64
112.0,199.0,21
241.8181818181818,201.25974025974025,77
290.30645161290323,200.6451612903226,62
353.0,200.0,41
414.0,198.0,21
435.0,199.0,21
489.0,200.66666666666666,63
559.0,200.5,42
575.0,199.0,21
581.0,199.0,21
341.5,201.05357142857142,56
367.89130434782606,202.8695652173913,46
460.0,201.0,21
507.0,200.0,21
529.551724137931,201.58620689655172,29
594.0,201.33333333333334,63
45.49166666666667,207.70833333333334,120
73.63513513513513,208.54054054054055,74
166.5,204.5,40
213.96226415094338,203.20754716981133,53
276.0,203.0,21
308.0,203.0,21
454.0,202.0,21
471.9032258064516,204.93548387096774,62
517.4864864864865,202.56756756756758,37
608.0,202.0,21
62.0,204.0,21
147.5,205.5,42
228.0,204.0,21
326.0,205.0,21
434.0,206.0,35
498.0,205.0,21
625.0,205.0,21
5.0,207.0,41
25.0,207.0,21
33.0,207.0,21
187.2844827586207,214.9051724137931,116
424.0,206.0,21
550.0,206.0,21
575.0,207.5,32
602.0,207.0,21
106.5,209.5,28
117.0,209.0,21
156.0,209.0,21
296.0,209.0,21
345.0,208.0,21
410.5,210.0,38
535.5,209.0,42
585.0,209.0,21
171.0,211.0,21
229.5,211.5,42
248.8148148148148,213.2962962962963,54
258.0,211.0,21
419.0,210.0,21
525.0,210.0,21
132.0,212.0,21
305.8269230769231,214.8846153846154,52
323.8888888888889,214.0,54
357.0,213.0,21
377.0,212.0,21
455.0,213.0,21
552.0,213.0,21
623.9787234042553,213.5744680851064,47
632.0,212.0,21
5.0,214.0,21
274.48837209302326,214.53488372093022,43
286.0,215.0,21
493.0,214.0,21
569.7536231884058,218.1304347826087,69
583.9649122807018,216.05263157894737,57
597.0,214.0,21
615.5,216.5,42
40.90909090909091,216.0909090909091,22
153.0,218.0,31
220.91666666666666,215.91666666666666,24
423.0,217.5,38
438.0,216.0,21
509.5,216.0,36
527.0,217.0,21
96.90697674418605,220.58139534883722,43
144.0,220.0,41
175.0,218.0,21
237.0,219.0,21
344.0,218.0,21
372.5,219.5,28
488.0,218.0,21
546.0,218.0,21
59.0,220.0,21
109.56666666666666,226.94444444444446,90
202.0,221.0,21
316.0,220.0,21
355.0,220.0,21
362.0,221.0,21
393.0,221.0,21
453.0,220.0,21
534.0,221.0,21
6.0,222.0,21
23.0,222.0,21
263.5,223.0,36
323.0,222.0,21
602.0,222.0,21
77.3157894736842,228.40350877192984,57
167.0,225.0,21
214.62790697674419,228.9418604651163,86
272.0,226.5,42
301.0,225.0,21
332.421875,228.25,64
379.0,224.0,21
399.1756756756757,228.99324324324326,148
465.72027972027973,231.6013986013986,143
517.4074074074074,226.6851851851852,54
560.5873015873016,225.33333333333334,63
583.0,224.0,21
589.5862068965517,224.44827586206895,29
55.228070175438596,226.91228070175438,57
127.0,227.0,21
182.80246913580248,230.71604938271605,81
230.0,227.0,41
291.0,226.0,21
313.0,227.0,21
450.0,226.0,21
486.0,227.0,21
501.7142857142857,228.59183673469389,49
623.0,226.0,21
6.666666666666667,233.66666666666666,63
37.0,235.01680672268907,119
135.0,228.0,21
282.0,230.0,31
478.0,230.5,38
607.5,230.5,42
69.0,230.0,21
82.925,232.275,40
168.0,231.0,21
201.0,231.0,21
240.0,231.0,21
373.38028169014086,233.04225352112675,71
425.5,232.5,42
582.0,230.5,26
627.0,231.0,35
15.0,233.0,21
145.95348837209303,234.3953488372093,43
341.5,234.5,42
362.0,232.0,21
414.0,233.0,21
446.0,233.05,40
534.5625,234.41666666666666,48
548.0,232.0,21
618.0,233.0,21
23.5,237.5,42
190.0,234.0,21
246.0,235.0,21
299.0,235.0,21
487.3015873015873,235.38095238095238,63
563.0,235.0,21
576.0,235.0,21
61.38461538461539,239.98076923076923,52
158.0,237.0,21
229.91489361702128,237.9787234042553,47
255.0,238.4915254237288,59
272.0,237.0,21
287.0,237.0,21
311.264,243.536,125
354.0,237.0,21
406.0,237.0,21
611.0,237.0,21
90.0,239.0,21
164.24590163934425,242.59016393442624,61
439.0,239.0,21
590.0,238.0,21
629.0,239.0,21
72.33333333333333,241.7017543859649,57
99.60655737704919,242.34426229508196,61
129.64,242.576,125
170.0,241.0,21
264.5,243.5,42
389.0,240.0,21
8.0,243.0,21
179.0,243.0,21
241.0,242.0,21
294.0,243.0,21
44.5,247.0,40
227.33333333333334,247.55555555555554,54
218.0,246.0,21
551.0,247.0,21
271.0,248.0,21
286.0,248.0,21
331.55102040816325,251.6326530612245,49
157.3709677419355,253.9516129032258,62
595.0,251.0,21
8.0,252.0,21
15.0,253.0,21
27.0,254.5,38
62.0,255.0,41
80.91891891891892,253.86486486486487,37
176.0,252.0,21
196.05882352941177,254.2941176470588,51
210.0,253.0,21
295.70666666666665,258.53333333333336,75
44.0,255.92857142857142,42
122.98113207547169,255.88679245283018,53
187.0,255.5,40
279.51162790697674,254.97674418604652,43
324.0,254.0,21
348.5,255.0,38
36.0,256.0,21
71.0,256.0,21
89.0,257.0,21
94.5,259.5,42
216.5,258.0,40
243.0,257.0,21
309.8783783783784,265.1756756756757,148
359.5,258.5,36
233.0810810810811,259.6081081081081,74
3.6862745098039214,263.2156862745098,51
267.0,261.0,21
278.5,261.5,40
344.0232558139535,262.51162790697674,43
46.0,262.0,21
116.0,263.0,21
133.9142857142857,263.57142857142856,35
141.0,262.0,21
165.0,262.0,21
192.0,262.0,21
252.0,262.0,21
259.0,263.0,21
325.0,263.0,21
352.0,262.0,21
12.0,265.0,21
109.0,265.0,21
59.0,266.0,21
69.0,269.0,42
184.0,266.0,21
207.56410256410257,270.15384615384613,78
227.0,267.0,21
287.0,267.0,21
371.0,267.0,21
465.0,266.0,21
44.0,268.0,21
78.5,268.5,28
246.48837209302326,269.48837209302326,43
337.0,269.0,21
353.0,269.0,21
593.0,269.0,21
21.0,270.0,21
101.0,270.0,21
256.0,273.8135593220339,59
4.0,272.0,21
53.0,272.0,21
92.0,273.0,21
146.9811320754717,274.8867924528302,53
160.0,273.0,21
184.21,278.25,100
265.0,274.5,36
360.23308270676694,279.3233082706767,133
375.5,274.5,36
38.0,275.0,35
80.0,275.0,21
172.0,274.0,21
216.0,275.0,21
229.26470588235293,276.9264705882353,68
274.5,276.5,36
318.5,276.5,42
329.0,275.0,41
612.0,275.0,21
17.0,276.0,21
31.0,276.0,21
241.0,277.0,21
344.0,277.0,21
521.0,277.17391304347825,23
102.22368421052632,281.0394736842105,76
286.0,278.0,21
293.0,279.5,26
389.65,280.7,60
399.0,278.0,21
135.5,282.0,42
164.0,281.0,21
170.0,281.0,21
302.0,280.0,21
339.0,281.0,21
26.15068493150685,287.71232876712327,73
39.0,283.0,21
58.5,283.0,42
149.5,284.5,36
209.74324324324326,285.56756756756755,74
247.0,282.0,21
408.6140350877193,285.94736842105266,57
273.0,285.0,21
397.0,285.0,21
422.48837209302326,286.51162790697674,43
77.0,287.0,21
143.0,287.0,21
168.0,287.0,21
243.0,287.0,21
4.0,289.0,21
84.0,289.0,21
91.0,288.0,21
110.3157894736842,293.10526315789474,57
229.5,288.0,26
330.0,288.0,21
369.0,288.0,21
434.0,288.0,21
55.0,290.0,21
66.54285714285714,295.5809523809524,105
133.5,291.0,26
182.4264705882353,298.9485294117647,136
191.0,291.0,21
253.0,290.0,25
272.5,291.5,36
346.0,290.0,21
375.0,291.0,21
386.0,294.5769230769231,52
393.0,291.5,26
14.0,292.0,21
415.5,294.5,36
515.0,292.0,21
24.316666666666666,297.3666666666667,60
162.0,295.0,21
238.12727272727273,295.6181818181818,55
308.5,295.0,42
494.0,294.0,21
552.0,294.0,21
10.017241379310345,297.2931034482759,58
92.5,297.5,36
100.0,296.0,21
123.5,297.0,36
138.0,297.0,21
294.0,296.0,21
424.0,297.0,21
634.0,296.0,21
44.0,300.0,41
156.27884615384616,306.375,104
209.5,299.0,36
322.0,298.0,21
347.0,298.0,21
449.43548387096774,300.03225806451616,62
51.0,300.0,21
163.5,302.5,36
220.5,301.0,36
277.77777777777777,300.84444444444443,45
305.3018867924528,303.9056603773585,53
364.0,301.0,21
31.0,303.0,21
106.48837209302326,303.5348837209302,43
120.5,302.5,42
130.34146341463415,304.3170731707317,41
251.0,302.0,21
258.90909090909093,305.9818181818182,55
293.0,302.0,21
352.90909090909093,301.90909090909093,22
372.5,304.0,40
381.0,304.0,41
413.0,304.5,42
57.0,304.0,21
243.0,305.0,41
321.5,305.5,42
331.0,304.0,21
398.531914893617,306.0425531914894,47
69.64285714285714,307.76190476190476,42
231.0,306.0,21
285.0,307.5,26
465.5,306.5,36
33.0,309.0,21
118.70270270270271,312.6621621621622,74
147.95833333333334,311.2708333333333,48
204.0,311.2077922077922,77
357.0,309.5,38
459.5,310.5,42
494.0,309.0,21
219.0,311.0,21
431.5,313.5,42
46.0,313.0,21
56.51190476190476,318.5595238095238,84
134.5625,314.4166666666667,48
181.32876712328766,316.06849315068496,73
235.43636363636364,314.3636363636364,55
250.5,314.5,36
267.0,313.0,21
13.0,314.5,26
29.0,314.0,21
104.0,314.0,21
295.0,314.0,21
323.0,315.0,21
331.5,316.0,32
417.0,315.0,21
22.804123711340207,318.87628865979383,97
113.0,317.0,21
274.0,317.0,21
283.0,317.0,21
483.0,316.0,21
195.5,319.0,36
215.0,318.0,21
398.0,321.5,42
409.0,319.0,21
448.0,318.0,21
457.5394736842105,320.9342105263158,76
533.0,318.0,21
178.0,321.0,21
228.0,320.0,21
351.0,321.0,21
363.0,321.0,21
386.3125,323.921875,64
67.1025641025641,327.14102564102564,78
85.0,323.0,21
93.62222222222222,325.1777777777778,45
144.8846153846154,326.56410256410254,78
247.0,323.0,21
288.0,323.0,21
325.6136363636364,324.9318181818182,88
374.5769230769231,323.21153846153845,52
420.0,322.0,21
468.0,322.0,21
586.0,322.0,21
4.912280701754386,326.94736842105266,57
34.78,326.4,50
197.5,326.0,42
213.0,324.0,21
262.0,325.0,21
441.0,324.0,21
478.5833333333333,325.5625,48
597.0,325.0,21
17.839506172839506,329.12345679012344,81
165.0,326.0,21
271.0,327.0,21
281.0,327.0,21
302.0,327.0,21
354.0,327.0,21
415.0,326.0,21
498.0,327.0,21
41.0,329.0,21
86.0,332.0,55
173.0,328.0,21
223.0,328.0,21
252.0,328.0,21
292.0,328.0,21
428.0,328.0,21
448.5,330.0,40
488.0181818181818,330.1272727272727,55
541.0,329.0,21
188.0,331.0,21
345.6666666666667,333.0,63
419.0,331.0,21
503.05454545454546,333.96363636363634,55
51.0,333.0,21
72.0,333.0,21
110.0,332.0,21
118.5,334.5,42
229.5,334.5,42
309.0,332.0,21
375.0,333.0,21
512.0,332.0,21
526.2692307692307,335.43589743589746,78
101.75,336.43333333333334,60
199.0,334.0,21
246.33333333333334,338.6666666666667,63
366.0,335.0,21
401.0,334.0,21
192.0,337.5,38
429.0,337.0,21
472.5,337.0,38
482.0,337.0,21
50.0,339.0,21
74.0,339.0,21
180.5607476635514,344.0373831775701,107
216.0,338.0,21
257.5,338.0,26
290.0,339.0,21
315.4431818181818,341.29545454545456,88
338.0,339.0,21
392.7586206896552,339.98275862068965,58
420.73493975903614,345.2048192771084,83
463.81481481481484,340.7037037037037,54
513.0,339.0,21
95.0,341.0,21
138.0,341.0,21
145.0,341.0,31
151.0,341.0,21
201.0,340.0,21
265.0,341.0,21
362.0,340.0,21
411.0,340.0,31
448.0,341.0,35
492.0,340.0,21
6.0,343.0,21
15.0,342.5609756097561,41
33.57142857142857,346.24675324675326,77
47.0,344.0,41
58.0,342.0,21
114.01333333333334,346.29333333333335,75
163.0,343.0,21
210.8846153846154,345.11538461538464,52
355.0,342.0,21
372.0,343.0,21
437.0,342.0,21
592.5,343.0,32
130.0,346.0,35
347.0,344.0,21
485.8076923076923,347.5769230769231,52
77.0,347.0,21
172.0,345.82608695652175,23
291.0,347.5,34
328.0,346.0,21
398.05479452054794,354.95205479452056,146
544.0,347.0,21
334.0,348.0,21
362.55172413793105,348.41379310344826,29
371.725,354.1,80
508.0,348.0,21
550.0,348.0,21
9.10752688172043,356.63440860215053,93
22.30263157894737,356.17105263157896,76
44.0,350.0,21
93.37096774193549,351.3225806451613,62
154.29090909090908,354.56363636363636,55
202.0,350.0,21
269.0,350.0,21
277.0,350.0,21
284.0,350.0,21
349.0,350.0,21
435.0,350.0,21
458.0,351.9259259259259,54
70.0,353.0,21
106.0,353.0,21
143.0,352.0,21
164.48837209302326,353.9767441860465,43
174.0,355.0,41
473.0,353.0,21
479.0,353.0,21
534.0,353.0,21
56.0,355.0,21
80.0,354.0,21
134.0,354.0,21
191.0,355.0,21
258.0,355.5,26
509.0,354.0,21
540.0,354.0,21
555.0,354.0,21
44.0,357.0,21
202.0,356.0,21
235.0,357.0,21
524.6415094339623,360.25471698113205,106
74.0,359.5,36
221.93617021276594,360.21276595744683,47
343.0,359.0,21
354.70238095238096,361.76190476190476,84
381.0,359.0,21
464.0,358.0,21
478.0,359.0,21
496.3727272727273,364.59090909090907,110
536.6612903225806,360.98387096774195,62
560.0,359.0,21
574.0,358.5,40
584.0,358.0,21
264.0,361.0,21
280.0,361.0,21
311.0,362.0,41
423.86301369863014,364.6575342465753,73
441.5,360.5,36
453.58620689655174,360.55172413793105,29
41.0,363.0,21
139.5,365.0,40
165.79746835443038,364.8354430379747,79
202.0,363.0,41
212.0,362.0,21
297.2962962962963,366.0,54
29.0,365.0,21
128.0,365.0,21
146.0,365.0,21
554.7931034482758,366.8103448275862,58
566.8888888888889,366.6666666666667,63
584.0,365.0,21
590.0,365.0,21
45.0,368.0,35
95.0,367.0,21
180.73684210526315,368.1578947368421,57
272.0,367.0,21
284.0,367.0,41
335.0,367.5,40
370.31481481481484,368.55555555555554,54
388.0,367.0,21
511.1914893617021,367.93617021276594,47
121.41935483870968,371.35483870967744,62
158.0,369.5,38
226.0,368.0,21
254.0,369.0,21
306.0,368.0,21
405.327868852459,372.40983606557376,61
599.5,369.5892857142857,56
26.3125,371.2708333333333,48
56.61904761904762,372.0238095238095,42
101.0,372.0,31
191.0,370.0,21
397.0,371.0,21
415.0,370.0,21
538.2075471698113,372.2830188679245,53
70.0,372.0,21
148.0,373.0,21
347.0,372.0,21
383.4259259259259,373.9074074074074,54
432.0,372.0,21
440.09090909090907,372.90909090909093,22
451.41509433962267,374.6792452830189,53
590.0,373.0,21
38.51162790697674,376.0232558139535,43
111.5,376.5,42
314.0,375.0,21
323.0,374.0,21
357.5,376.5,36
375.0,375.0,21
482.97727272727275,376.75,88
518.0,374.0,21
610.0,375.0,21
87.0,376.0,21
335.0,378.5,38
472.0,377.0,21
582.5,378.5,36
625.0,377.5,32
6.507462686567164,378.25373134328356,67
76.9423076923077,381.4230769230769,52
195.5,380.5,36
215.5,379.5,36
390.5,380.0,42
464.6279069767442,382.3953488372093,86
46.0,381.0,21
159.0,382.0,43
252.5,383.0,42
292.0,383.5,44
350.0,380.0,21
418.0,381.0,21
503.64406779661016,381.91525423728814,59
512.3505154639175,387.9587628865979,97
534.0,381.0,21
549.9090909090909,379.90909090909093,22
573.8139534883721,382.04651162790697,43
61.891304347826086,385.5,46
93.0,383.0,21
371.09016393442624,388.4836065573771,122
436.0,382.0,21
542.0,382.0,21
566.0,383.0,21
609.5608108108108,389.75,148
20.0,385.0,21
38.5,385.0,26
121.0,385.0,21
140.0,385.0,21
226.28301886792454,386.9433962264151,53
233.0,384.0,21
591.0,384.0,21
127.0,386.0,21
153.39655172413794,391.62931034482756,116
258.6909090909091,389.05454545454546,55
308.0,387.0,21
533.5,389.0,40
634.734693877551,387.57142857142856,49
9.0,389.0,21
88.0,389.0,21
100.046875,391.671875,64
178.40217391304347,390.4673913043478,92
200.0,388.0,21
404.5,391.5,42
558.8444444444444,391.0444444444444,45
24.0,391.0,21
245.0,391.0,21
268.0,390.0,21
316.8181818181818,394.25757575757575,66
413.0,391.0,21
452.6885245901639,394.37704918032784,61
492.0,390.0,21
572.0,392.0,41
578.0,390.0,21
32.955555555555556,394.3333333333333,45
50.0,393.0,21
126.5,394.0,42
330.0,395.5,42
352.24,396.04,75
392.85897435897436,398.65384615384613,78
441.5,393.5,36
477.95,394.0,40
592.0,395.4230769230769,52
86.08108108108108,396.0810810810811,37
111.0,395.0,21
207.5581395348837,396.48837209302326,43
471.0,394.0,21
13.0,397.0,21
170.0,396.0,21
240.44827586206895,396.41379310344826,29
289.49333333333334,398.94666666666666,75
399.0,396.0,21
432.0,395.82608695652175,23
586.0,397.0,21
626.0,399.0,42
134.0,399.0,21
218.0,398.0,21
231.0,398.0,21
274.0,399.0,21
411.5,400.0,38
487.0,399.0,21
505.8,400.9,70
0.8461538461538461,400.0,13
21.473684210526315,401.64912280701753,57
37.0,400.0,21
70.78260869565217,404.64130434782606,92
149.0,401.0,21
200.0,400.0,21
370.0,400.0,21
529.1864406779661,401.35593220338984,59
539.0,401.0,21
561.0,400.0,21
570.2028985507246,403.2173913043478,69
636.0,400.0,21
46.0,402.0,21
54.0,403.0,21
123.0,403.0,41
188.08196721311475,402.9016393442623,61
242.0,403.0,21
455.0,403.0,21
471.5,404.0,42
619.1090909090909,405.23636363636365,55
164.0,404.0,21
229.0,404.0,21
235.0,404.0,21
314.45098039215685,406.19607843137254,51
434.0,404.0,21
494.0,404.0,21
102.0,406.0,21
173.0,406.0,21
180.0,406.0,21
214.48648648648648,406.43243243243245,37
410.010989010989,409.54945054945057,91
89.0,408.0,21
109.5,410.0,32
118.5,409.5,36
277.0,409.0,21
368.70212765957444,410.1063829787234,47
379.0,408.0,21
486.0,410.5,36
556.0,408.0,21
607.0,409.0,21
80.0,411.0,21
147.0,410.0,21
155.0,410.5,26
166.78021978021977,415.04395604395603,91
256.89473684210526,412.7894736842105,57
270.0,411.0,21
342.09859154929575,413.4366197183099,71
389.0,410.0,21
479.2916666666667,410.0,24
519.0,410.0,21
535.0,411.0,21
594.0,410.0,21
633.327868852459,415.0,61
29.0,413.0,21
47.34065934065934,418.3956043956044,91
291.82894736842104,417.86842105263156,76
307.0,415.0,63
323.0,412.0,21
356.42424242424244,413.030303030303,33
430.0,412.0,21
438.90909090909093,413.09090909090907,22
560.0,413.5,40
580.0,412.0,21
600.5,413.0,32
17.094736842105263,417.33684210526314,95
64.51851851851852,418.4074074074074,54
225.0,415.0,21
243.0,415.0,21
461.0,414.0,21
506.34615384615387,418.46153846153845,78
619.0,416.0,41
36.0,418.5,42
102.5,419.0,42
113.5,417.5,42
392.1551724137931,417.36206896551727,58
517.0,416.0,21
540.0,416.0,21
143.0,419.0,31
178.5,418.5,28
198.53,423.49,100
222.0,421.0,42
234.0,419.0,21
249.0,421.5,42
367.90909090909093,418.90909090909093,22
473.0,418.0,21
627.0,419.0,21
73.5,420.0,26
255.0,420.0,21
322.0,421.0,31
406.7564102564103,424.06410256410254,78
495.0,421.0,21
598.0,420.0,21
604.0106382978723,426.72340425531917,94
81.3041474654378,432.2165898617512,217
381.6666666666667,425.6,75
434.0,423.5,32
445.0,422.0,21
487.3333333333333,426.3333333333333,63
559.1558441558442,424.64935064935065,77
147.01136363636363,431.04545454545456,88
210.66666666666666,428.8854166666667,96
271.94117647058823,426.7450980392157,51
281.0,424.0,21
335.0,425.0,21
353.8727272727273,425.6545454545454,55
424.1470588235294,428.38235294117646,68
471.3448275862069,428.36206896551727,116
2.3214285714285716,426.0,28
30.0,427.0,21
342.0,429.0,41
367.030303030303,427.57575757575756,33
455.0,426.0,21
35.5,430.0,42
109.0,429.0,21
117.25619834710744,434.1404958677686,121
167.0,429.0,21
259.0,429.0,21
314.0,428.0,21
395.0,430.0,41
537.0,428.0,21
569.0,428.0,21
590.0,429.0,21
622.0,428.0,21
57.0,430.0,21
101.5,432.5,40
139.0,430.0,21
245.71641791044777,435.34328358208955,67
286.0,430.0,21
293.7391304347826,434.6666666666667,69
500.0,431.0,21
521.0,430.0,21
26.0,433.0,21
181.9787234042553,434.97872340425533,47
515.0,433.0,21
547.0,432.0,21
48.5,435.5,36
226.6,438.92,75
454.0,435.0,21
540.5,436.0,38
623.0,434.0,21
61.0,437.0,21
167.9090909090909,436.90909090909093,22
302.3333333333333,442.0,63
327.0,437.0,21
364.671875,439.671875,64
508.0,436.0,21
559.0,437.0,35
586.5,436.5,42
193.0,440.0,41
205.0,438.0,21
320.0,438.0,21
335.9491525423729,440.5593220338983,59
402.5833333333333,439.4375,48
424.0,439.0,21
487.0,439.0,21
526.5,440.5,42
577.0,440.0,41
602.9382716049382,443.6666666666667,81
11.0,440.0,21
30.0,440.0,21
255.0,441.0,21
277.0740740740741,443.0,54
413.5609756097561,441.9024390243902,41
465.17391304347825,440.0,23
19.0,442.0,21
72.78082191780823,447.28767123287673,73
152.0,442.0,21
179.0,442.0,21
286.0,443.0,21
428.3536585365854,446.1219512195122,82
473.0,442.0,21
494.5,443.5,36
613.4897959183673,444.59183673469386,49
637.6666666666666,442.0,18
45.773809523809526,446.6904761904762,84
93.21428571428571,446.92857142857144,56
118.31481481481481,447.1666666666667,54
204.0,446.5,38
213.0,445.0,21
308.0,444.0,21
324.5,446.5,36
388.84444444444443,444.64444444444445,45
460.0,444.0,21
503.0,445.0,21
559.0,444.0,21
594.0,445.0,21
23.5,449.0,40
85.0,447.5,26
143.68309859154928,451.90845070422534,142
167.864406779661,447.6779661016949,59
482.0,447.0,21
552.0,447.0,21
155.0,448.0,21
184.09302325581396,451.06976744186045,43
367.0,449.0,21
398.0,448.0,21
409.0,449.0,21
439.0,449.5,32
456.1617647058824,450.04411764705884,68
527.0,449.0,21
36.0,450.0,21
61.0,450.0,21
247.0,450.0,21
263.0,450.0,21
342.5,451.5,38
416.0,451.0,21
495.0,451.0,21
599.0,450.0,21
5.219178082191781,453.6849315068493,73
16.5,454.0,34
105.08,455.2,75
232.56756756756758,455.2072072072072,111
253.0,453.0,21
293.9120879120879,455.7912087912088,91
319.0,453.0,21
354.5,453.5,42
539.0,452.0,21
545.0,453.0,21
585.3636363636364,454.45454545454544,44
614.0,453.0,21
633.25,456.1666666666667,60
279.0566037735849,455.35849056603774,53
374.0,455.0,21
390.0,455.5,42
487.0,455.0,21
507.0,455.0,21
555.030303030303,455.57575757575756,33
574.5,455.0,38
29.02127659574468,458.59574468085106,47
82.38356164383562,460.73972602739724,73
167.0,457.17391304347825,23
265.0,456.0,21
312.0,456.0,21
367.0,457.0,21
418.0,457.0,21
56.0,459.0,41
100.0,459.0,21
333.0,458.0,21
401.5,460.0,40
443.0,460.5,42
496.5,460.5,36
524.6483516483516,460.4835164835165,91
541.25,465.0,84
548.0,461.5,42
93.0,460.0,21
179.0,460.0,21
203.0,460.0,21
257.5,460.0,26
431.0,461.5,42
480.0,461.5,26
15.375838926174497,468.23489932885906,149
39.0,463.0,21
157.0,463.0,21
216.61363636363637,463.59090909090907,44
247.5,464.0,42
411.6181818181818,465.1454545454545,55
561.1428571428571,463.85714285714283,49
590.1698113207547,465.4339622641509,53
49.5,464.5,36
113.0,465.0,21
121.0,465.0,21
209.0,464.0,21
269.0,465.0,21
303.0,464.0,21
334.33870967741933,464.4193548387097,62
357.86046511627904,465.90697674418607,43
465.5,467.0,40
473.0,465.0,21
488.90697674418607,465.4186046511628,43
190.0,467.5,38
280.09090909090907,465.90909090909093,22
319.0,467.0,21
348.25373134328356,470.7164179104478,67
368.0,467.0,21
511.5,468.0,38
32.0,468.0,21
67.0,469.5,42
134.0,468.0,21
151.61111111111111,472.55555555555554,54
161.9090909090909,468.09090909090907,22
255.0,468.0,21
313.5,470.5,42
427.5,469.0,26
456.0,469.0,21
96.52631578947368,473.4736842105263,57
172.0,470.0,21
208.94117647058823,471.27450980392155,51
225.78823529411764,472.0235294117647,85
240.125,471.55,40
292.0,473.5,78
299.0,470.0,21
373.0,471.0,21
387.0,471.0,21
475.0,473.5,42
596.5,472.0,32
614.8427672955975,473.6981132075472,159
125.0,472.5,26
144.0,472.0,21
339.0,472.0,21
435.0,473.0,21
576.0,472.0,21
398.0,474.0,21
36.0,476.0,21
46.0,476.5,40
76.0,476.0,21
84.0,476.0,21
106.0,476.0,21
392.3333333333333,477.2083333333333,24
500.0,476.0,21
510.0,476.0,21
533.0,477.0,21
549.0,476.0,21
7.0,477.6666666666667,18
133.0,478.15384615384613,13
158.0,477.6666666666667,18
174.0,478.15384615384613,13
213.0,478.15384615384613,13
340.0,478.15384615384613,13
384.0,478.15384615384613,13
417.0,478.15384615384613,13
425.1875,478.0625,16
573.0,478.15384615384613,13
