truth_idx,truth_x,truth_y,det_idx,det_x,det_y,dist
2294,40.546,0.078,0,41.000,0.846,0.892
2371,93.344,1.453,1,93.000,1.333,0.365
2407,118.890,0.594,2,119.069,2.534,1.948
2512,190.266,2.616,3,191.976,2.381,1.726
2536,207.043,1.726,4,208.522,2.304,1.588
2668,302.761,1.832,5,303.000,2.000,0.292
2683,313.842,1.001,6,314.000,1.333,0.368
2700,323.674,1.426,7,324.000,1.333,0.339
2744,350.399,1.311,8,350.000,1.333,0.400
187,378.355,1.489,9,378.000,1.333,0.388
2822,410.909,0.835,10,411.000,1.333,0.507
2856,435.622,2.634,11,434.655,4.127,1.780
2876,456.089,0.351,12,456.000,0.846,0.503
2910,474.017,1.174,13,474.000,1.333,0.161
2969,514.380,2.824,14,514.000,3.000,0.419
2979,522.555,2.319,15,522.500,2.000,0.324
3003,535.893,4.942,16,538.500,3.500,2.979
3028,554.778,4.598,17,556.057,4.943,1.325
3044,572.413,1.633,18,574.000,2.500,1.809
3072,590.849,1.071,19,591.000,1.333,0.302
2308,56.856,4.530,20,54.500,5.000,2.403
155,63.894,4.210,21,64.000,4.000,0.235
2428,135.737,4.118,22,135.000,5.000,1.149
178,248.420,4.070,23,248.000,4.000,0.426
2616,261.528,3.577,24,262.000,4.000,0.634
2635,276.416,10.358,25,274.639,9.590,1.936
2819,406.358,5.004,26,406.000,5.000,0.358
3073,586.462,4.998,27,586.000,5.000,0.462
3090,597.617,3.778,28,598.000,4.000,0.443
2269,26.199,6.723,29,26.000,7.000,0.341
2315,70.812,10.244,30,70.659,8.227,2.023
2392,113.759,9.233,31,112.816,8.961,0.982
2772,370.908,9.948,32,371.036,9.527,0.440
196,456.417,14.889,33,456.037,14.168,0.814
3118,612.375,6.194,34,612.000,6.000,0.422
3141,626.689,9.179,35,628.759,9.776,2.154
2249,16.695,7.633,36,17.000,8.000,0.477
2332,80.344,12.074,37,80.500,10.500,1.582
2448,149.200,8.360,38,149.000,8.000,0.412
2505,189.783,8.925,39,190.000,9.000,0.230
2575,237.000,13.387,40,235.500,10.500,3.254
2677,310.766,14.329,41,311.145,12.400,1.966
2713,332.938,8.040,42,333.812,8.422,0.954
2790,383.729,8.450,43,384.000,8.000,0.526
2833,414.432,10.608,44,413.600,10.143,0.953
2839,420.193,8.165,45,420.000,8.000,0.254
2903,465.523,8.199,46,467.322,9.695,2.340
200,497.781,7.756,47,498.000,8.000,0.328
3092,593.800,8.843,48,594.000,9.000,0.254
2473,168.306,13.726,49,168.500,12.500,1.242
2620,267.335,10.110,50,267.000,10.000,0.352
2931,487.065,11.087,51,487.000,11.000,0.108
3074,576.139,14.292,52,574.500,12.500,2.428
2273,36.531,11.597,53,37.000,12.000,0.619
159,104.114,13.479,54,104.000,13.000,0.493
2487,175.892,11.794,55,176.000,12.000,0.233
2600,254.763,12.326,56,255.000,12.000,0.403
2639,280.107,18.016,57,281.160,16.140,2.152
2663,299.504,12.314,58,299.000,13.000,0.851
2965,504.486,13.031,59,504.000,13.000,0.487
2298,62.603,18.236,60,63.386,18.053,0.804
2342,95.573,21.951,61,94.885,22.760,1.062
2447,152.772,14.788,62,153.667,16.444,1.883
2531,210.523,14.196,63,209.500,16.500,2.521
2738,344.892,22.849,64,345.276,21.086,1.804
2223,18.882,18.547,65,19.481,19.962,1.536
2419,140.878,16.817,66,142.017,18.695,2.196
2495,188.624,17.961,67,189.010,18.471,0.639
2550,222.794,16.461,68,223.500,17.000,0.888
2762,365.514,17.347,69,366.000,17.000,0.597
2858,429.202,18.631,70,431.000,17.500,2.124
201,491.526,16.060,71,491.500,16.000,0.065
2980,510.827,16.653,72,511.000,17.000,0.388
3014,526.800,23.479,73,526.842,21.752,1.727
3131,609.108,17.205,74,606.500,17.500,2.625
2203,4.295,17.877,75,4.000,18.000,0.320
2272,44.764,18.938,76,44.690,19.379,0.448
2479,173.470,17.760,77,174.000,18.000,0.582
2667,303.521,18.794,78,304.000,19.000,0.522
2792,381.220,20.905,79,378.639,21.049,2.584
2813,394.827,20.898,80,397.000,19.500,2.584
2209,9.534,19.617,81,10.000,20.000,0.603
2239,29.912,20.349,82,30.000,20.174,0.196
2568,238.332,27.438,83,236.510,25.146,2.928
2579,243.524,21.374,84,244.000,21.000,0.606
2883,448.118,21.551,85,449.229,23.443,2.194
3076,567.489,24.063,86,569.000,22.500,2.174
3111,586.470,23.267,87,584.873,22.382,1.826
3146,613.549,21.356,88,614.000,21.000,0.575
2381,119.896,25.522,89,118.000,24.500,2.154
2395,126.066,22.542,90,126.000,23.000,0.462
2541,219.274,22.885,91,218.889,22.889,0.385
2692,319.582,25.284,92,321.698,26.802,2.604
3035,539.519,26.568,93,540.523,24.477,2.319
3120,594.294,22.575,94,594.000,23.000,0.517
164,168.023,24.563,95,168.000,25.000,0.437
2614,265.882,24.707,96,266.000,25.000,0.316
2628,276.876,23.884,97,277.000,24.000,0.170
2751,355.174,24.290,98,355.000,24.000,0.338
2972,497.013,25.544,99,495.731,24.596,1.595
2984,506.695,23.767,100,507.000,24.000,0.384
3135,598.802,28.301,101,598.951,28.738,0.461
3174,628.828,26.394,102,630.987,26.640,2.173
2228,33.572,27.324,103,34.000,27.000,0.537
2300,78.417,29.741,104,77.536,30.406,1.103
2439,158.136,26.331,105,157.826,26.000,0.453
2470,177.731,29.659,106,175.615,29.046,2.203
168,193.027,28.907,107,191.000,28.000,2.221
2549,226.865,26.503,108,227.000,27.000,0.515
2869,431.938,27.389,109,432.000,27.000,0.394
2954,486.927,26.095,110,486.500,27.000,1.000
3059,549.882,29.581,111,551.000,28.500,1.555
2279,58.775,28.574,112,59.000,29.000,0.482
161,137.889,28.848,113,138.000,29.000,0.188
2652,291.214,27.985,114,291.000,28.000,0.215
2805,387.696,29.040,115,388.000,29.000,0.307
2378,124.773,31.310,116,124.500,33.000,1.712
2401,142.992,33.956,117,144.411,34.000,1.419
2504,202.269,32.720,118,203.500,32.000,1.426
2588,252.852,32.830,119,252.000,31.500,1.579
189,381.921,36.704,120,382.507,35.699,1.163
2837,409.608,30.415,121,410.000,30.000,0.571
2920,461.413,29.794,122,461.000,30.000,0.462
2970,492.084,31.200,123,492.000,31.000,0.217
2210,28.317,32.471,124,28.000,32.000,0.568
2440,162.364,31.635,125,162.000,32.000,0.515
180,281.737,33.181,126,280.864,35.034,2.048
2761,361.898,32.370,127,362.500,34.500,2.214
2951,478.318,34.242,128,478.500,33.500,0.764
206,513.319,31.607,129,513.000,32.000,0.507
3080,559.135,31.760,130,559.586,33.862,2.150
2182,8.018,33.963,131,6.500,36.000,2.540
2213,33.609,34.503,132,34.000,35.000,0.633
2254,56.078,35.750,133,55.000,37.880,2.387
2387,134.006,34.977,134,134.000,35.000,0.024
170,217.681,33.740,135,217.951,36.037,2.313
2729,338.235,35.369,136,336.000,35.050,2.258
2820,396.444,34.642,137,397.984,35.937,2.012
3132,588.758,34.797,138,589.000,35.000,0.316
2189,17.189,35.934,139,17.000,36.000,0.200
2413,155.107,38.621,140,154.000,37.500,1.576
2458,176.468,36.861,141,176.000,37.000,0.488
2651,292.236,35.799,142,292.000,36.000,0.310
2665,304.129,36.102,143,304.000,36.000,0.165
2745,346.242,36.097,144,346.091,36.091,0.151
2900,444.275,40.501,145,442.971,41.058,1.418
3054,535.024,40.876,146,534.286,40.888,0.739
3192,632.155,36.949,147,632.000,37.000,0.163
2339,110.448,38.113,148,110.000,40.500,2.429
2345,117.956,41.650,149,117.500,40.500,1.237
2490,193.709,37.910,150,193.909,38.091,0.269
2605,264.305,38.534,151,265.064,39.809,1.483
2779,369.566,39.274,152,370.000,39.000,0.513
2173,19.642,46.633,153,21.213,46.040,1.679
2202,38.863,43.225,154,41.500,41.500,3.151
2252,62.392,41.184,155,62.000,41.000,0.433
2311,98.112,40.900,156,98.548,41.419,0.678
2514,212.229,40.715,157,212.000,41.000,0.366
2537,225.604,40.799,158,226.000,41.000,0.444
2569,243.378,40.092,159,242.721,42.049,2.065
2855,416.412,41.713,160,415.500,42.411,1.148
2943,468.786,42.997,161,469.000,41.500,1.512
2297,91.371,43.223,162,91.000,43.000,0.433
2469,186.333,42.656,163,186.000,43.000,0.479
2585,255.153,42.315,164,256.000,44.500,2.343
2657,297.661,42.274,165,298.000,42.000,0.436
2695,320.150,45.638,166,322.000,44.500,2.172
2717,332.771,42.481,167,333.000,42.000,0.533
2397,148.665,43.853,168,149.000,44.000,0.365
2432,169.337,44.716,169,169.000,45.000,0.441
2542,230.937,45.200,170,231.500,47.500,2.368
2664,304.597,44.227,171,305.000,44.000,0.463
2836,401.409,45.464,172,401.000,45.000,0.619
3110,559.662,44.973,173,559.909,45.091,0.274
3170,599.562,45.158,174,601.333,46.044,1.981
3210,633.604,44.512,175,634.000,45.000,0.629
2261,72.732,46.756,176,73.000,47.000,0.363
2357,130.958,48.503,177,129.534,47.959,1.524
2655,296.130,49.323,178,294.354,49.537,1.789
2781,367.167,50.821,179,368.016,50.540,0.894
2798,377.392,49.742,180,378.154,50.431,1.027
3095,550.527,46.189,181,551.000,46.000,0.509
3142,578.548,45.569,182,579.000,46.000,0.625
2445,184.003,57.164,183,181.863,57.667,2.199
2560,242.660,51.559,184,241.000,50.000,2.278
2829,395.360,48.828,185,395.000,49.000,0.399
2846,407.022,48.411,186,407.000,48.000,0.411
2930,455.724,53.028,187,457.365,52.111,1.880
2986,486.906,48.389,188,487.000,48.000,0.400
3042,522.031,48.299,189,520.500,48.500,1.544
214,571.171,54.430,190,573.736,53.651,2.681
3178,594.885,53.082,191,591.400,53.600,3.524
2276,86.116,51.262,192,86.000,51.000,0.287
2434,173.498,49.801,193,174.500,50.500,1.222
2491,202.165,50.184,194,202.000,50.000,0.248
2815,386.360,50.955,195,386.000,51.000,0.362
2895,436.582,49.903,196,437.000,50.000,0.429
2963,473.261,50.611,197,473.000,51.000,0.468
2143,4.449,53.478,198,6.185,54.296,1.919
2208,60.079,55.682,199,60.933,55.233,0.965
2237,76.435,57.250,200,77.128,57.605,0.779
152,105.005,53.306,201,105.000,53.000,0.306
2309,111.814,53.288,202,112.000,53.000,0.343
2391,156.164,57.381,203,154.270,57.610,1.908
2710,327.852,59.928,204,327.641,57.750,2.188
2857,412.221,52.806,205,414.000,53.050,1.796
2884,430.721,52.859,206,431.000,53.000,0.312
3012,496.817,52.987,207,497.000,53.000,0.183
3037,510.054,57.097,208,509.000,54.500,2.803
3114,552.227,52.630,209,552.000,53.000,0.435
2321,124.769,58.307,210,122.667,58.667,2.133
2546,236.735,54.820,211,237.000,55.000,0.320
2601,267.360,55.197,212,267.000,55.000,0.410
3082,524.947,62.554,213,527.530,62.060,2.630
3218,618.677,56.686,214,618.240,57.067,0.579
2174,34.762,56.129,215,35.000,56.000,0.271
2485,201.996,55.888,216,202.000,56.000,0.112
2580,257.928,56.797,217,258.000,57.000,0.215
2770,359.211,60.871,218,358.200,60.813,1.013
3013,491.076,59.916,219,493.390,59.831,2.315
3246,638.428,57.385,220,637.667,57.000,0.853
2355,139.786,59.208,221,140.000,59.000,0.298
163,189.924,58.341,222,191.000,60.000,1.978
2617,275.356,58.089,223,275.000,58.000,0.367
2637,285.912,57.782,224,286.000,58.000,0.235
2861,408.093,64.026,225,406.802,64.277,1.316
2916,439.826,57.794,226,440.000,58.000,0.270
3117,543.225,60.974,227,544.250,61.125,1.036
3241,632.058,58.472,228,632.000,58.000,0.476
2159,40.111,66.898,229,41.203,65.764,1.575
2259,90.005,60.575,230,90.000,61.000,0.425
2299,112.419,60.232,231,111.448,60.414,0.988
2500,216.500,61.015,232,216.000,61.000,0.500
2749,348.269,60.939,233,348.000,61.000,0.276
2928,447.094,61.359,234,447.000,61.000,0.371
2940,454.292,61.166,235,454.000,61.000,0.336
2985,474.398,61.338,236,474.000,61.000,0.522
3214,608.410,61.421,237,608.000,61.000,0.588
3237,624.430,61.375,238,624.000,61.000,0.571
2135,15.079,66.936,239,13.833,65.931,1.601
2532,235.954,65.791,240,238.172,64.938,2.376
2567,250.180,62.579,241,250.000,63.000,0.458
2598,269.077,63.142,242,269.000,63.000,0.161
2621,279.910,62.210,243,280.000,62.000,0.228
2255,94.734,65.548,244,93.935,67.677,2.274
2654,297.710,65.310,245,298.000,65.000,0.424
2679,313.858,65.073,246,312.500,67.500,2.781
2911,433.619,64.660,247,434.000,65.000,0.511
2964,460.249,66.825,248,461.188,66.854,0.939
2179,56.340,66.774,249,58.500,67.500,2.279
2185,67.658,72.206,250,68.500,69.500,2.834
2398,169.233,67.381,251,169.000,67.000,0.446
2465,202.990,68.105,252,201.000,67.500,2.080
2503,221.899,69.032,253,222.563,70.282,1.415
2611,274.976,65.851,254,275.000,66.000,0.151
2995,476.215,66.855,255,476.000,67.305,0.499
3041,501.751,66.749,256,502.000,67.000,0.353
3069,509.477,70.890,257,511.000,69.000,2.427
3182,576.442,67.118,258,577.500,69.000,2.159
3197,589.136,66.912,259,589.000,67.000,0.161
3204,594.744,66.326,260,595.000,66.000,0.414
3243,618.583,67.390,261,620.500,68.500,2.215
2112,3.832,69.930,262,3.841,69.864,0.067
2326,137.953,68.654,263,138.000,69.000,0.349
2344,149.542,73.014,264,149.959,73.784,0.875
2718,331.326,69.176,265,331.000,69.000,0.371
2811,376.429,74.029,266,376.219,74.886,0.883
208,485.904,69.255,267,486.000,69.000,0.272
2426,186.824,70.415,268,187.000,70.000,0.451
2551,246.001,69.659,269,246.000,70.000,0.341
2592,269.182,71.007,270,269.000,71.000,0.182
2756,351.507,70.988,271,352.000,71.000,0.493
2823,384.663,70.951,272,384.500,72.500,1.558
199,440.748,71.479,273,441.500,72.500,1.268
3268,634.115,71.413,274,635.000,73.000,1.817
2195,76.014,72.749,275,76.000,73.000,0.251
2285,118.124,72.658,276,118.000,73.000,0.363
2368,160.442,73.190,277,160.725,74.300,1.145
2450,198.567,73.370,278,196.512,74.023,2.157
2787,364.163,71.605,279,364.000,72.000,0.427
2848,396.672,74.176,280,396.000,73.000,1.354
2914,429.423,71.947,281,427.542,72.966,2.138
3159,552.602,72.976,282,553.000,73.000,0.399
3202,584.799,72.452,283,585.000,72.000,0.495
147,56.557,74.840,284,57.000,75.000,0.471
2201,88.631,78.259,285,88.542,77.861,0.408
2242,103.562,75.178,286,104.059,76.745,1.644
2267,111.597,74.754,287,112.000,75.000,0.472
2522,234.103,74.938,288,234.000,75.000,0.120
177,261.988,74.563,289,262.000,75.000,0.437
2687,317.631,73.642,290,318.000,74.000,0.514
3144,542.639,73.602,291,543.000,74.000,0.537
2303,134.148,77.180,292,134.000,77.000,0.233
2607,276.139,75.682,293,276.000,76.000,0.347
2673,311.253,76.980,294,311.000,77.000,0.253
193,389.840,77.151,295,390.000,79.283,2.137
197,420.402,80.119,296,421.032,78.339,1.889
3026,479.148,80.107,297,479.269,78.731,1.382
3232,595.678,77.372,298,595.370,78.685,1.349
3252,608.360,77.029,299,609.500,79.500,2.722
2130,34.675,81.438,300,34.000,80.000,1.589
2386,172.328,78.398,301,174.000,78.000,1.719
2730,333.973,83.511,302,333.922,83.484,0.057
204,450.950,78.652,303,451.000,79.000,0.351
3077,501.487,81.671,304,498.622,80.089,3.272
3269,620.120,79.155,305,620.000,79.000,0.196
2157,61.264,80.879,306,62.030,80.576,0.824
2170,69.209,81.218,307,68.500,82.500,1.465
2186,80.486,80.707,308,80.091,81.091,0.551
2431,197.109,80.998,309,195.659,81.878,1.696
2454,204.537,79.891,310,205.000,80.000,0.476
2477,214.312,80.365,311,214.000,81.000,0.708
2877,410.719,80.616,312,409.500,81.000,1.278
2993,462.738,80.925,313,463.000,81.000,0.272
2098,13.390,83.372,314,12.500,84.500,1.437
2584,266.973,81.590,315,266.826,82.000,0.436
2622,285.041,82.764,316,284.438,83.328,0.826
2660,304.124,82.094,317,304.000,82.000,0.155
2688,317.849,82.500,318,318.000,82.000,0.522
2863,400.248,82.631,319,400.000,83.000,0.445
2945,438.145,84.618,320,440.000,84.000,1.955
3096,507.551,82.366,321,508.000,82.000,0.580
3157,537.779,82.001,322,538.000,82.000,0.221
3184,547.847,86.813,323,547.000,85.000,2.001
3190,559.921,81.932,324,560.000,82.000,0.104
3295,636.024,86.374,325,636.824,84.471,2.064
2250,121.244,87.633,326,123.500,86.500,2.524
2312,148.112,85.419,327,148.054,86.405,0.989
2508,233.661,84.722,328,232.857,86.696,2.132
2529,245.517,87.734,329,247.979,88.819,2.690
2675,312.423,88.777,330,311.375,87.750,1.467
2793,362.461,89.793,331,360.476,88.256,2.511
3063,492.543,83.907,332,493.000,84.000,0.466
3130,521.317,83.985,333,521.500,84.000,0.184
3206,567.968,83.556,334,568.000,84.000,0.445
3253,585.433,90.012,335,585.000,87.500,2.549
2087,5.078,85.783,336,5.000,86.000,0.231
2382,181.309,90.616,337,181.224,92.017,1.404
2436,201.803,86.105,338,202.000,86.000,0.224
2645,294.741,86.973,339,295.393,89.016,2.145
2881,409.184,87.078,340,409.000,87.000,0.200
2975,448.275,86.750,341,448.000,87.000,0.372
2991,455.908,88.378,342,456.279,89.049,0.767
3057,486.492,86.844,343,486.000,87.000,0.516
3254,591.741,86.539,344,592.000,87.000,0.528
3287,627.367,85.505,345,627.000,86.000,0.617
148,102.177,88.383,346,103.043,90.609,2.388
2322,161.010,91.621,347,162.017,90.305,1.657
2467,217.629,89.115,348,218.000,89.000,0.388
2577,265.848,89.265,349,266.000,89.000,0.306
2698,321.650,87.771,350,322.000,88.000,0.418
2902,415.365,88.038,351,415.000,88.000,0.367
215,531.778,87.702,352,532.000,88.000,0.372
3175,539.841,88.164,353,539.909,87.909,0.264
2176,90.563,90.766,354,91.000,91.000,0.496
2593,275.024,89.606,355,275.000,90.000,0.395
2755,346.544,93.589,356,349.000,92.500,2.687
2957,437.759,91.016,357,435.778,91.244,1.994
3233,574.829,89.854,358,573.500,90.000,1.337
221,623.253,91.137,359,624.500,91.500,1.299
141,18.903,91.715,360,19.000,92.000,0.301
2104,34.157,91.718,361,34.000,92.000,0.323
2103,47.082,98.616,362,46.703,97.538,1.143
2281,141.159,93.160,363,141.500,94.500,1.383
2613,282.818,92.995,364,283.000,93.000,0.182
2711,326.561,92.235,365,326.500,94.000,1.766
3018,461.145,94.604,366,461.667,95.667,1.183
2152,80.681,94.298,367,82.462,95.051,1.934
2230,125.116,94.844,368,126.024,95.381,1.055
2441,209.876,94.243,369,210.000,94.000,0.272
2870,397.560,95.037,370,398.000,95.000,0.442
2976,444.061,93.921,371,444.000,94.000,0.100
3145,514.005,95.278,372,514.000,96.500,1.222
3228,563.734,94.576,373,564.000,95.000,0.501
2075,20.379,98.103,374,18.878,98.582,1.576
2410,199.343,95.524,375,199.000,96.000,0.587
2554,258.445,96.704,376,258.000,97.000,0.535
2927,421.724,96.348,377,422.000,96.000,0.444
2942,428.557,96.255,378,428.500,96.000,0.261
3224,556.938,96.474,379,557.000,96.000,0.478
3258,577.552,95.856,380,578.000,96.000,0.471
3324,639.261,96.642,381,638.154,97.000,1.163
2125,64.409,99.264,382,66.250,100.604,2.277
2169,96.870,99.419,383,97.000,99.000,0.439
2453,218.004,99.441,384,218.500,101.000,1.636
167,233.966,98.388,385,234.000,98.000,0.390
2689,318.607,98.349,386,318.500,100.500,2.154
2732,333.707,101.833,387,334.500,100.000,1.998
2828,375.392,99.061,388,375.000,99.000,0.397
2973,436.582,98.964,389,434.500,100.500,2.587
3119,488.238,106.485,390,485.374,106.017,2.902
3317,611.383,105.983,391,611.719,105.956,0.338
3315,626.630,98.091,392,627.000,98.000,0.381
2868,390.367,106.331,393,391.086,104.329,2.127
2899,406.062,101.286,394,406.000,101.000,0.292
2915,411.862,100.243,395,412.000,100.000,0.279
3223,549.292,100.650,396,549.000,101.000,0.455
2086,39.683,103.157,397,40.000,103.000,0.354
2134,76.606,102.073,398,77.000,102.000,0.400
2268,154.316,108.475,399,152.543,110.278,2.528
2526,250.650,102.014,400,251.000,102.000,0.350
2558,262.525,102.442,401,263.000,102.000,0.649
2599,280.827,103.488,402,281.000,103.000,0.518
2638,295.094,102.721,403,295.000,103.000,0.294
2716,328.456,102.376,404,328.000,102.000,0.591
2997,444.804,102.738,405,445.000,103.000,0.327
3187,527.385,102.590,406,527.317,105.367,2.777
3213,539.296,104.040,407,539.000,103.000,1.082
3263,569.924,103.379,408,570.000,103.000,0.387
3279,584.121,104.738,409,584.979,104.021,1.118
2076,33.294,103.773,410,33.000,104.000,0.372
2161,101.240,104.197,411,99.500,105.500,2.173
2482,232.860,105.398,412,232.500,106.000,0.702
2583,275.019,105.772,413,274.500,105.500,0.586
2783,354.578,106.700,414,351.954,106.662,2.624
3083,473.998,107.467,415,473.115,106.500,1.309
2052,17.739,108.256,416,17.448,107.586,0.730
2190,123.264,107.250,417,123.000,107.000,0.364
2331,179.556,106.584,418,178.500,107.500,1.398
3047,457.360,110.595,419,456.167,110.489,1.199
3255,554.243,108.085,420,553.533,107.533,0.899
142,58.762,109.102,421,59.000,109.000,0.259
2131,83.708,108.318,422,83.500,109.000,0.713
2191,133.824,113.899,423,135.311,111.951,2.451
2415,212.669,107.795,424,212.140,109.907,2.177
2705,323.795,107.852,425,323.909,108.091,0.265
2754,342.850,109.099,426,343.000,109.000,0.180
2926,412.201,109.209,427,412.000,109.000,0.290
2960,424.774,109.182,428,423.488,111.488,2.641
3103,480.739,107.773,429,481.000,108.000,0.346
2150,104.062,110.200,430,104.500,112.000,1.853
2346,188.168,110.508,431,188.000,111.000,0.520
2435,221.146,111.352,432,221.000,111.000,0.381
2591,281.449,114.502,433,281.500,112.500,2.003
2633,295.258,110.501,434,296.000,110.500,0.742
2808,362.261,110.292,435,363.000,110.000,0.795
3166,501.734,111.487,436,502.000,111.000,0.555
3249,547.275,111.253,437,547.000,111.000,0.374
3283,576.490,109.991,438,576.000,110.000,0.490
2064,43.335,112.162,439,42.642,115.654,3.561
2464,233.430,112.906,440,233.000,113.000,0.440
2555,266.386,114.378,441,266.171,115.667,1.306
2678,315.627,116.898,442,316.000,115.000,1.934
2840,375.448,112.103,443,375.000,112.000,0.460
2906,400.772,112.699,444,401.000,113.000,0.378
3188,513.286,112.160,445,513.000,112.000,0.328
3216,525.349,113.378,446,525.000,113.000,0.514
3282,558.859,118.385,447,558.869,120.579,2.194
3303,582.263,115.965,448,583.651,115.867,1.391
2027,5.760,114.991,449,5.909,114.909,0.170
2036,22.244,117.111,450,22.633,117.459,0.522
2647,300.548,114.627,451,301.000,115.000,0.586
2769,347.132,115.399,452,347.000,115.000,0.420
3122,473.658,118.418,453,471.671,117.507,2.186
3355,636.453,113.518,454,636.000,114.000,0.662
2284,170.009,115.715,455,170.000,116.000,0.285
2814,362.247,117.326,456,362.000,117.000,0.409
2827,368.541,116.034,457,369.000,116.000,0.461
2934,404.451,124.886,458,404.812,126.077,1.245
3016,438.932,115.755,459,439.000,116.000,0.254
3251,537.827,116.815,460,538.500,118.000,1.363
3290,568.170,116.997,461,568.000,117.000,0.170
2085,67.418,118.488,462,67.000,119.500,1.095
2113,108.578,125.870,463,109.910,125.651,1.350
2329,195.588,122.659,464,194.000,121.000,2.296
2478,239.233,117.512,465,239.459,120.919,3.415
2696,320.400,123.024,466,323.250,124.250,3.102
2743,334.357,123.515,467,332.500,121.500,2.740
2791,354.012,117.856,468,354.000,118.000,0.145
3071,456.165,119.347,469,457.030,118.576,1.159
218,519.220,122.555,470,518.853,122.574,0.368
3356,624.479,119.406,471,624.500,120.500,1.094
2088,76.980,120.867,472,77.000,121.000,0.135
2095,84.147,120.944,473,85.500,121.000,1.354
2107,92.838,120.279,474,93.000,120.000,0.323
2163,127.630,120.047,475,127.950,122.000,1.979
2502,250.975,120.394,476,251.000,120.000,0.395
2853,377.249,120.159,477,377.000,120.000,0.296
2878,388.378,120.279,478,389.500,121.500,1.658
2982,421.986,121.205,479,422.000,121.000,0.206
3004,429.855,120.593,480,429.500,120.500,0.367
136,4.699,125.628,481,5.618,124.218,1.683
2053,58.365,125.268,482,56.474,123.684,2.466
2188,145.144,122.627,483,145.000,123.000,0.399
2244,166.397,122.799,484,166.000,123.000,0.445
2293,183.749,123.464,485,184.000,123.000,0.527
2562,272.432,121.626,486,272.000,122.000,0.572
3203,506.216,122.212,487,506.448,122.586,0.441
2361,208.376,124.766,488,208.000,125.000,0.442
2612,290.328,124.630,489,290.000,125.000,0.495
2624,295.726,129.725,490,297.733,127.960,2.673
3167,480.070,126.807,491,482.016,127.738,2.158
2510,257.381,125.823,492,257.000,126.000,0.420
2788,350.298,126.923,493,350.000,127.000,0.308
2841,369.897,126.566,494,370.000,127.000,0.446
2874,384.148,126.796,495,384.000,127.000,0.252
3087,447.309,131.241,496,446.536,129.952,1.503
3326,574.790,126.464,497,575.000,126.000,0.509
3353,591.565,130.654,498,592.672,129.951,1.312
2483,247.614,127.778,499,248.000,128.000,0.445
2672,313.919,129.436,500,314.000,129.000,0.443
2758,341.666,127.993,501,341.950,130.000,2.027
3039,436.947,128.330,502,437.000,128.000,0.334
3207,499.451,127.977,503,499.000,128.000,0.451
3378,636.065,129.005,504,636.000,129.000,0.066
135,10.441,132.188,505,12.500,131.500,2.171
2038,56.606,130.883,506,56.917,130.917,0.313
2061,86.818,133.798,507,84.918,135.124,2.318
2155,141.690,131.227,508,142.000,131.000,0.384
2253,177.997,130.194,509,177.000,131.500,1.643
2302,194.604,130.289,510,195.000,130.000,0.490
2360,215.358,132.042,511,214.906,134.264,2.267
2524,264.425,132.919,512,265.000,131.500,1.531
2576,280.511,131.044,513,281.000,131.000,0.491
2659,308.153,129.778,514,308.000,130.000,0.269
3194,490.042,130.369,515,492.000,132.000,2.548
3231,506.326,129.573,516,506.000,130.000,0.537
3273,527.066,131.574,517,527.500,131.500,0.440
3288,540.755,130.003,518,540.950,132.000,2.006
223,615.045,130.182,519,615.500,130.732,0.714
2020,40.521,132.885,520,41.500,132.500,1.052
2197,164.358,132.797,521,164.000,133.000,0.411
2835,365.205,131.612,522,365.000,132.000,0.439
3124,452.736,136.084,523,455.355,136.419,2.640
3328,563.759,132.928,524,564.000,133.000,0.251
3348,581.364,132.289,525,581.000,132.000,0.465
2021,48.324,135.084,526,48.000,135.000,0.335
2166,152.402,135.066,527,153.500,136.000,1.442
2402,236.539,142.316,528,237.709,140.544,2.123
2548,273.063,133.996,529,271.000,136.000,2.876
2597,290.787,139.899,530,289.977,137.512,2.521
3021,423.086,135.334,531,422.500,137.000,1.766
3161,466.849,134.875,532,467.500,135.000,0.663
3367,606.655,134.789,533,607.000,135.000,0.405
3389,628.168,136.590,534,629.709,135.618,1.822
2697,320.685,140.022,535,322.328,140.738,1.792
2750,336.457,136.981,536,336.000,137.000,0.457
2800,351.942,135.638,537,352.000,136.000,0.367
2921,389.209,137.578,538,390.500,137.500,1.293
3362,587.786,137.054,539,588.000,137.000,0.221
3391,614.704,141.948,540,614.000,139.500,2.547
1994,20.346,139.119,541,21.500,140.500,1.800
2030,67.286,139.186,542,67.000,139.000,0.341
2066,102.827,138.695,543,103.000,139.000,0.351
2844,365.154,140.478,544,364.319,140.971,0.970
2880,379.050,138.488,545,379.000,138.000,0.490
3086,439.082,137.900,546,439.000,138.000,0.129
3250,497.400,139.654,547,499.000,139.500,1.607
3325,546.928,138.603,548,548.581,141.512,3.346
3343,562.657,138.683,549,561.000,138.500,1.667
2011,48.933,141.239,550,49.000,141.000,0.248
2570,282.594,141.246,551,283.000,143.500,2.290
2987,406.210,141.221,552,406.525,143.875,2.672
3196,474.823,140.333,553,475.000,140.000,0.377
3278,514.230,140.332,554,514.000,140.000,0.404
3313,524.746,144.864,555,523.000,143.000,2.554
3357,573.454,139.776,556,573.000,140.000,0.506
2089,126.770,144.442,557,127.967,145.393,1.529
2114,139.881,142.697,558,140.000,143.000,0.325
2156,169.612,148.164,559,172.494,147.235,3.028
154,212.913,143.042,560,213.000,143.000,0.097
2879,375.442,143.325,561,375.000,143.000,0.548
202,395.822,141.665,562,396.000,142.000,0.379
3226,482.613,142.230,563,483.000,142.000,0.450
3347,537.936,149.597,564,539.536,147.984,2.272
2010,56.362,144.965,565,56.000,145.000,0.364
144,147.462,146.132,566,148.351,146.737,1.076
2221,188.407,143.549,567,188.000,144.000,0.608
2288,206.301,144.195,568,207.000,146.500,2.409
2366,228.048,143.970,569,228.091,143.909,0.075
2446,252.794,149.522,570,254.564,148.779,1.921
2615,296.096,144.487,571,296.000,144.000,0.497
2826,354.812,149.673,572,354.500,147.500,2.195
2909,381.673,144.052,573,381.909,144.091,0.240
3280,506.460,144.827,574,506.000,145.000,0.491
3401,621.697,144.745,575,622.000,145.000,0.396
3419,629.905,148.889,576,631.693,148.080,1.963
1971,10.748,148.784,577,9.500,148.000,1.473
1983,18.373,145.964,578,18.000,146.000,0.374
3102,429.811,149.647,579,429.535,148.155,1.517
1989,43.047,149.124,580,43.000,149.000,0.132
2042,105.128,148.990,581,105.250,152.443,3.455
2059,115.218,148.006,582,115.500,148.500,0.569
2519,271.939,148.892,583,272.000,149.000,0.124
2898,373.985,152.776,584,375.242,152.879,1.261
3150,443.232,148.737,585,443.000,149.000,0.351
2029,97.203,151.165,586,95.500,152.500,2.164
2077,133.754,151.498,587,134.000,151.000,0.556
2666,313.233,149.831,588,315.500,151.500,2.815
2753,335.111,151.672,589,335.000,151.000,0.681
2782,343.070,150.298,590,343.000,150.000,0.306
2977,392.940,154.220,591,395.016,154.738,2.140
3195,458.907,150.564,592,459.000,151.000,0.446
3392,588.600,151.118,593,589.000,151.000,0.417
1975,30.259,152.974,594,30.000,153.000,0.260
2015,84.619,152.715,595,83.000,153.000,1.644
2219,198.912,151.726,596,197.500,152.000,1.439
2320,227.114,153.627,597,228.405,153.568,1.293
2553,283.811,155.920,598,285.474,156.526,1.769
3049,412.676,152.994,599,413.000,153.000,0.324
3136,436.296,151.858,600,436.000,152.000,0.328
3267,483.960,151.876,601,484.000,152.000,0.130
3311,502.307,155.013,602,503.787,153.936,1.830
3374,567.029,151.982,603,567.000,152.000,0.035
3416,598.422,157.855,604,597.500,155.500,2.529
1977,39.081,154.231,605,39.000,154.000,0.245
2043,119.509,154.710,606,120.000,155.000,0.570
2079,141.001,154.854,607,141.000,155.000,0.146
2132,166.238,154.259,608,166.000,154.000,0.352
3198,453.639,154.538,609,454.000,155.000,0.586
3242,467.953,154.045,610,468.000,154.000,0.065
3340,520.606,154.903,611,519.000,155.000,1.609
3369,556.388,153.583,612,556.580,155.600,2.026
3411,604.374,153.805,613,604.000,154.000,0.422
3424,617.755,154.337,614,618.000,154.000,0.416
133,8.228,155.935,615,8.000,156.000,0.237
1978,62.845,161.321,616,63.000,161.000,0.357
1992,68.040,155.811,617,68.000,156.000,0.193
3405,578.361,159.156,618,577.629,158.000,1.368
3406,587.718,156.848,619,588.000,157.000,0.321
2206,205.168,158.643,620,205.000,159.000,0.395
2388,246.803,159.312,621,247.091,158.909,0.496
3183,440.305,159.095,622,440.000,159.000,0.319
3240,451.107,163.365,623,451.506,163.765,0.565
3304,491.396,158.966,624,491.000,159.000,0.398
224,546.002,159.100,625,547.500,160.000,1.747
3430,612.229,157.964,626,612.000,158.000,0.231
1950,21.691,166.111,627,21.068,164.446,1.777
1968,47.870,160.790,628,48.000,161.000,0.247
1998,94.074,163.247,629,93.629,162.000,1.324
2071,152.291,161.224,630,152.000,161.000,0.368
2222,214.115,162.325,631,211.837,162.531,2.288
2457,263.160,159.576,632,263.000,160.000,0.454
2801,344.445,160.457,633,344.500,161.000,0.545
3068,409.496,159.950,634,410.500,162.000,2.283
2034,130.228,162.327,635,130.000,162.000,0.398
2091,165.464,163.259,636,165.000,163.000,0.532
2262,226.217,166.652,637,225.500,165.000,1.801
2581,293.719,162.273,638,294.000,162.000,0.392
179,303.437,163.649,639,302.133,165.022,1.893
2669,315.079,166.834,640,314.653,166.720,0.441
2768,336.889,162.395,641,337.000,162.000,0.410
2872,362.195,162.134,642,362.000,162.000,0.237
2990,388.500,163.407,643,388.000,163.000,0.645
3345,497.746,165.896,644,499.333,164.556,2.077
3352,511.664,162.353,645,512.000,162.000,0.487
3397,562.737,162.297,646,563.000,162.000,0.397
3436,589.440,169.213,647,588.792,168.333,1.093
1942,1.425,163.657,648,1.333,164.000,0.355
1963,55.472,164.752,649,55.000,165.000,0.534
1974,74.171,166.190,650,76.000,165.000,2.182
2145,192.574,164.102,651,193.000,164.000,0.438
2496,275.311,164.435,652,275.000,164.000,0.535
2720,324.707,170.414,653,327.000,168.667,2.883
3434,605.330,164.901,654,605.000,165.000,0.345
3445,636.252,164.106,655,636.000,164.000,0.273
1996,106.038,167.707,656,105.000,167.500,1.058
2126,185.453,165.688,657,185.000,166.000,0.550
2289,233.238,166.837,658,233.000,167.000,0.289
222,470.075,166.722,659,470.526,168.105,1.456
3420,566.847,167.490,660,567.000,167.000,0.513
3421,574.007,165.755,661,574.000,166.000,0.245
3439,597.687,168.941,662,596.500,168.000,1.515
3446,618.649,168.683,663,620.455,168.382,1.830
1952,38.252,168.564,664,38.000,169.000,0.504
1979,86.628,168.270,665,87.000,168.000,0.460
2008,121.261,168.836,666,121.000,169.000,0.308
2063,165.829,168.880,667,166.000,169.000,0.209
2515,282.068,169.396,668,282.500,169.500,0.444
3093,403.783,169.332,669,404.000,169.000,0.397
3412,544.512,173.114,670,544.758,171.597,1.537
2032,149.850,171.320,671,149.500,173.000,1.717
2083,183.029,174.387,672,181.048,173.323,2.248
2184,214.463,169.911,673,214.000,170.000,0.471
2334,246.293,169.572,674,246.000,170.000,0.519
2379,259.411,175.149,675,260.500,173.000,2.409
2486,276.293,170.941,676,276.000,171.000,0.299
3179,421.335,171.166,677,422.151,171.342,0.835
3227,432.744,172.730,678,433.333,173.667,1.107
3398,513.215,178.768,679,513.841,178.437,0.709
1988,112.753,172.188,680,113.000,172.000,0.311
2012,134.761,172.404,681,135.000,172.000,0.470
2893,360.465,173.385,682,360.000,173.000,0.604
226,563.036,172.117,683,563.000,172.000,0.122
1927,10.425,177.166,684,10.066,176.295,0.942
2041,165.054,175.146,685,165.000,175.000,0.156
2662,314.161,175.273,686,313.000,176.000,1.370
2832,346.611,174.932,687,347.000,175.000,0.395
2961,370.135,177.550,688,369.000,176.500,1.546
3105,391.980,180.895,689,391.912,179.824,1.074
3140,406.646,174.736,690,407.000,175.000,0.442
3307,459.891,174.580,691,460.000,175.000,0.434
3428,553.850,173.714,692,554.000,174.000,0.323
3454,612.683,174.042,693,613.000,174.000,0.319
1941,50.467,175.562,694,50.000,176.000,0.640
1960,96.209,178.784,695,94.000,177.500,2.555
2181,224.773,177.228,696,225.000,177.000,0.322
2283,244.180,177.406,697,243.000,178.429,1.562
2619,307.132,185.108,698,306.292,185.769,1.069
3006,378.561,176.641,699,378.500,177.000,0.364
3272,438.945,177.557,700,441.000,177.000,2.129
3341,471.513,175.829,701,472.000,176.000,0.516
3377,499.608,176.623,702,500.000,177.000,0.543
3478,627.910,181.979,703,626.333,180.333,2.279
3469,636.283,177.266,704,636.000,177.000,0.388
134,115.141,178.089,705,115.000,178.000,0.167
1982,121.253,178.174,706,121.500,180.500,2.339
1987,129.461,177.700,707,129.000,178.000,0.550
2804,337.930,184.119,708,336.043,184.957,2.064
3314,453.553,177.967,709,454.000,178.000,0.448
3390,491.668,182.612,710,491.000,180.500,2.215
3423,527.959,179.382,711,528.000,179.000,0.384
3456,600.916,178.704,712,601.000,179.000,0.307
1937,61.353,182.436,713,63.500,181.000,2.582
1944,73.994,180.756,714,74.000,181.000,0.244
130,86.065,187.031,715,85.241,185.152,2.052
1961,104.061,179.512,716,104.000,180.000,0.492
2078,194.826,180.466,717,194.500,180.000,0.569
2129,211.350,179.718,718,211.000,180.000,0.449
3239,420.359,181.128,719,420.000,181.000,0.381
3438,546.906,180.789,720,547.000,181.000,0.231
1910,12.823,186.881,721,14.689,186.033,2.049
140,201.435,182.689,722,202.452,184.381,1.974
2137,220.229,182.085,723,220.000,182.000,0.244
2686,318.967,182.442,724,319.500,183.500,1.185
3211,411.882,182.884,725,410.500,184.500,2.127
3333,444.486,185.902,726,443.500,184.500,1.714
1957,115.421,185.454,727,114.500,186.000,1.071
2147,226.611,184.056,728,227.000,184.000,0.393
2748,328.580,184.169,729,329.000,184.000,0.452
3380,480.553,183.969,730,481.000,184.000,0.448
3472,595.162,186.103,731,593.579,185.632,1.651
1908,27.958,189.933,732,26.500,188.500,2.044
1916,33.508,186.228,733,34.000,186.000,0.543
129,69.826,191.359,734,68.543,191.543,1.296
1997,163.021,186.757,735,163.000,187.000,0.244
2265,253.473,187.414,736,254.500,189.000,1.890
2365,269.061,186.822,737,267.583,187.562,1.653
1967,141.367,188.367,738,142.792,190.038,2.197
2022,189.331,189.418,739,190.500,190.000,1.306
2094,215.361,187.525,740,216.000,188.500,1.166
174,297.346,188.867,741,297.000,189.000,0.371
3366,461.270,187.884,742,461.000,188.000,0.294
3431,499.864,189.520,743,498.000,189.500,1.864
3455,551.634,188.757,744,552.000,189.000,0.440
3491,618.284,189.930,745,619.500,189.000,1.531
1917,56.704,189.905,746,57.000,190.000,0.311
1958,134.711,190.315,747,135.000,190.000,0.428
145,232.470,191.307,748,232.000,191.000,0.561
2983,362.375,190.846,749,364.000,193.000,2.699
3319,421.468,193.781,750,422.000,192.000,1.859
3437,507.484,190.855,751,507.000,191.000,0.505
3450,536.162,190.485,752,535.023,192.512,2.325
3474,566.015,192.439,753,566.314,190.829,1.638
2484,289.170,192.032,754,289.000,192.000,0.173
3375,448.930,194.172,755,450.240,195.281,1.716
3417,482.324,192.172,756,482.000,192.000,0.367
3487,593.528,191.823,757,592.000,192.500,1.672
1888,11.766,198.140,758,12.959,199.443,1.767
1905,39.927,194.910,759,40.000,195.000,0.116
1972,178.500,197.726,760,176.500,196.500,2.346
185,321.884,195.510,761,323.500,195.500,1.616
3285,392.583,203.482,762,392.106,204.553,1.172
3266,404.435,194.540,763,404.000,195.000,0.633
3410,466.254,195.259,764,466.000,195.000,0.362
3448,513.197,195.030,765,512.519,195.111,0.683
3495,612.040,195.289,766,612.000,195.000,0.292
1906,46.858,195.699,767,47.000,196.000,0.333
1920,104.661,198.592,768,103.585,197.585,1.474
1923,126.440,201.997,769,126.000,199.000,3.029
132,157.809,197.374,770,158.000,197.000,0.420
1999,198.045,198.503,771,198.098,199.059,0.558
2348,275.524,196.151,772,277.500,196.500,2.006
3158,380.318,196.667,773,380.000,197.000,0.461
3471,542.860,196.285,774,542.473,198.581,2.329
3505,627.562,196.239,775,627.934,197.361,1.182
1903,59.675,198.432,776,60.000,198.000,0.541
1904,90.430,203.343,777,92.719,201.688,2.824
1924,111.857,198.597,778,112.000,199.000,0.428
2073,240.403,202.487,779,241.818,201.260,1.873
2416,290.015,202.881,780,290.306,200.645,2.254
2994,354.366,201.829,781,353.000,200.000,2.283
3322,414.046,197.536,782,414.000,198.000,0.466
3373,435.424,198.548,783,435.000,199.000,0.620
3457,487.811,203.490,784,489.000,200.667,3.063
229,560.020,202.860,785,559.000,200.500,2.571
3492,575.112,198.615,786,575.000,199.000,0.401
3493,581.236,198.553,787,581.000,199.000,0.506
2867,340.901,200.222,788,341.500,201.054,1.025
3109,367.649,201.119,789,367.891,202.870,1.768
3429,460.071,200.545,790,460.000,201.000,0.460
3460,506.880,200.454,791,507.000,200.000,0.470
3482,529.714,201.154,792,529.552,201.586,0.462
3509,593.800,201.631,793,594.000,201.333,0.358
1874,43.502,208.647,794,45.492,207.708,2.200
1882,72.956,209.591,795,73.635,208.541,1.250
1945,167.518,203.238,796,166.500,204.500,1.622
2005,215.829,203.265,797,213.962,203.208,1.867
2287,275.542,202.593,798,276.000,203.000,0.612
2589,308.235,203.400,799,308.000,203.000,0.464
3426,453.825,201.681,800,454.000,202.000,0.363
3452,471.606,205.633,801,471.903,204.935,0.758
3481,518.070,203.185,802,517.486,202.568,0.850
3513,608.048,201.757,803,608.000,202.000,0.247
1889,62.198,203.566,804,62.000,204.000,0.477
1929,149.510,204.492,805,147.500,205.500,2.249
2026,228.175,203.531,806,228.000,204.000,0.501
2757,326.488,205.211,807,326.000,205.000,0.531
3418,433.422,206.621,808,434.000,206.000,0.848
3473,497.853,205.367,809,498.000,205.000,0.396
3523,624.695,205.200,810,625.000,205.000,0.365
1865,6.787,207.969,811,5.000,207.000,2.033
1872,24.994,207.051,812,25.000,207.000,0.052
1876,32.681,206.521,813,33.000,207.000,0.575
1925,189.855,213.877,814,187.284,214.905,2.769
3396,423.878,206.356,815,424.000,206.000,0.377
3497,549.812,205.971,816,550.000,206.000,0.190
3515,574.046,207.194,817,575.000,207.500,1.001
3522,602.266,207.070,818,602.000,207.000,0.275
1890,106.908,209.756,819,106.500,209.500,0.481
1899,117.092,209.423,820,117.000,209.000,0.433
1919,156.021,208.700,821,156.000,209.000,0.301
2430,296.077,209.284,822,296.000,209.000,0.295
2958,345.026,208.409,823,345.000,208.000,0.410
3379,408.530,209.059,824,410.500,210.000,2.183
3502,538.189,208.586,825,535.500,209.000,2.720
3521,585.461,208.963,826,585.000,209.000,0.462
1921,170.539,210.938,827,171.000,211.000,0.465
1969,227.160,212.863,828,229.500,211.500,2.708
2037,249.140,210.647,829,248.815,213.296,2.669
2070,258.124,211.001,830,258.000,211.000,0.124
3409,418.929,209.547,831,419.000,210.000,0.458
3498,524.738,209.725,832,525.000,210.000,0.380
1893,131.685,212.373,833,132.000,212.000,0.488
2520,305.622,212.504,834,305.827,214.885,2.389
2766,325.284,215.028,835,323.889,214.000,1.733
3156,357.394,212.839,836,357.000,213.000,0.426
220,377.427,211.777,837,377.000,212.000,0.482
3467,454.551,213.176,838,455.000,213.000,0.482
3520,551.917,212.555,839,552.000,213.000,0.453
233,623.207,212.143,840,623.979,213.574,1.626
3531,632.173,211.548,841,632.000,212.000,0.484
1856,4.652,214.026,842,5.000,214.000,0.349
2121,272.369,213.880,843,274.488,214.535,2.219
2216,285.804,215.213,844,286.000,215.000,0.289
3499,492.809,214.457,845,493.000,214.000,0.496
3538,568.351,218.721,846,569.754,218.130,1.521
3530,584.663,215.170,847,583.965,216.053,1.125
3529,597.345,213.777,848,597.000,214.000,0.411
3549,616.525,218.692,849,615.500,216.500,2.420
1857,40.950,215.876,850,40.909,216.091,0.218
126,153.017,217.154,851,153.000,218.000,0.847
1948,221.025,215.794,852,220.917,215.917,0.164
3453,424.367,216.371,853,423.000,217.500,1.773
3464,438.005,216.030,854,438.000,216.000,0.030
3519,511.389,216.467,855,509.500,216.000,1.946
3524,527.164,216.748,856,527.000,217.000,0.301
1854,95.330,221.974,857,96.907,220.581,2.104
1871,145.638,220.916,858,144.000,220.000,1.877
1900,174.642,217.731,859,175.000,218.000,0.448
1951,236.670,219.022,860,237.000,219.000,0.331
3062,343.912,218.354,861,344.000,218.000,0.365
3354,372.545,218.849,862,372.500,219.500,0.652
3514,487.956,217.730,863,488.000,218.000,0.273
3527,545.575,217.513,864,546.000,218.000,0.646
1852,59.194,220.283,865,59.000,220.000,0.343
1834,109.353,230.088,866,109.567,226.944,3.150
1902,201.747,221.227,867,202.000,221.000,0.339
2634,316.255,220.293,868,316.000,220.000,0.388
3259,355.076,220.401,869,355.000,220.000,0.408
3318,361.631,220.967,870,362.000,221.000,0.371
3442,393.365,221.459,871,393.000,221.000,0.586
3496,453.475,219.801,872,453.000,220.000,0.515
3534,533.584,221.029,873,534.000,221.000,0.417
1841,5.810,221.601,874,6.000,222.000,0.442
1843,23.271,221.975,875,23.000,222.000,0.273
1980,264.559,222.959,876,263.500,223.000,1.059
2746,322.622,222.212,877,323.000,222.000,0.433
3554,602.377,221.591,878,602.000,222.000,0.556
124,76.631,227.619,879,77.316,228.404,1.041
1864,166.838,225.008,880,167.000,225.000,0.162
1862,216.202,230.082,881,214.628,228.942,1.944
1943,272.306,228.564,882,272.000,226.500,2.086
2257,301.231,225.384,883,301.000,225.000,0.448
3153,333.057,230.413,884,332.422,228.250,2.254
3435,379.461,224.374,885,379.000,224.000,0.593
3517,399.168,230.127,886,399.176,228.993,1.134
3567,466.828,232.782,887,465.720,231.601,1.619
3545,516.314,224.998,888,517.407,226.685,2.010
3556,561.225,224.558,889,560.587,225.333,1.003
3558,582.775,224.228,890,583.000,224.000,0.320
3560,589.497,224.141,891,589.586,224.448,0.319
1838,54.297,226.301,892,55.228,226.912,1.114
1848,126.702,226.699,893,127.000,227.000,0.424
1840,184.216,232.333,894,182.802,230.716,2.148
1901,231.907,226.496,895,230.000,227.000,1.972
2074,291.419,226.489,896,291.000,226.000,0.644
2513,313.117,227.334,897,313.000,227.000,0.354
3525,449.969,226.426,898,450.000,226.000,0.427
3543,486.416,227.081,899,486.000,227.000,0.424
3559,500.767,229.330,900,501.714,228.592,1.201
3568,622.697,226.042,901,623.000,226.000,0.306
1816,7.859,233.507,902,6.667,233.667,1.203
1819,39.130,233.880,903,37.000,235.017,2.414
1845,135.384,228.002,904,135.000,228.000,0.384
1976,281.880,228.533,905,282.000,230.000,1.472
3566,478.882,231.677,906,478.000,230.500,1.471
3570,609.762,229.273,907,607.500,230.500,2.574
1829,68.521,230.272,908,69.000,230.000,0.551
1827,82.369,232.642,909,82.925,232.275,0.667
1842,168.067,230.958,910,168.000,231.000,0.079
1853,200.950,230.859,911,201.000,231.000,0.150
1873,240.146,231.029,912,240.000,231.000,0.148
3508,372.004,232.705,913,373.380,233.042,1.417
3539,427.996,230.844,914,425.500,232.500,2.995
236,582.323,230.261,915,582.000,230.500,0.402
3575,627.698,229.804,916,627.000,231.000,1.384
1820,15.374,233.315,917,15.000,233.000,0.489
1835,146.187,231.650,918,145.953,234.395,2.755
230,340.307,237.067,919,341.500,234.500,2.831
3476,361.757,231.937,920,362.000,232.000,0.251
3544,414.367,232.701,921,414.000,233.000,0.473
3557,444.170,232.530,922,446.000,233.050,1.902
3576,534.025,233.247,923,534.562,234.417,1.287
3572,548.495,231.918,924,548.000,232.000,0.502
237,617.643,232.981,925,618.000,233.000,0.357
1813,23.759,234.985,926,23.500,237.500,2.528
1836,189.957,233.664,927,190.000,234.000,0.339
1851,245.814,234.545,928,246.000,235.000,0.492
1955,298.952,234.598,929,299.000,235.000,0.404
3574,487.344,234.238,930,487.302,235.381,1.144
3581,562.804,234.641,931,563.000,235.000,0.409
3582,575.553,235.195,932,576.000,235.000,0.488
1797,62.352,241.586,933,61.385,239.981,1.874
1818,157.614,236.580,934,158.000,237.000,0.570
1810,228.898,238.986,935,229.915,237.979,1.431
1837,256.069,236.853,936,255.000,238.492,1.956
1847,272.141,236.791,937,272.000,237.000,0.252
1855,287.064,237.295,938,287.000,237.000,0.302
1398,312.509,244.943,939,311.264,243.536,1.878
3548,354.475,237.468,940,354.000,237.000,0.667
3577,405.657,237.314,941,406.000,237.000,0.465
3586,610.790,236.684,942,611.000,237.000,0.379
1806,89.755,238.724,943,90.000,239.000,0.369
121,162.962,243.087,944,164.246,242.590,1.376
3588,438.519,238.746,945,439.000,239.000,0.544
3589,589.963,238.409,946,590.000,238.000,0.410
3590,628.656,239.205,947,629.000,239.000,0.400
122,71.984,242.502,948,72.333,241.702,0.873
1801,100.711,240.188,949,99.607,242.344,2.423
1783,131.044,244.218,950,129.640,242.576,2.161
1792,169.580,241.422,951,170.000,241.000,0.596
1743,263.360,246.019,952,264.500,243.500,2.765
3591,388.726,239.852,953,389.000,240.000,0.311
1791,8.424,242.965,954,8.000,243.000,0.425
1782,179.183,243.423,955,179.000,243.000,0.461
1780,241.331,242.164,956,241.000,242.000,0.369
1724,294.154,243.366,957,294.000,243.000,0.397
1779,44.177,248.681,958,44.500,247.000,1.711
1747,226.177,249.205,959,227.333,247.556,2.015
1767,217.941,245.798,960,218.000,246.000,0.211
0,550.705,246.709,961,551.000,247.000,0.414
1710,271.432,248.172,962,271.000,248.000,0.465
1672,286.474,247.687,963,286.000,248.000,0.568
450,332.096,249.432,964,331.551,251.633,2.267
1751,154.524,254.417,965,157.371,253.952,2.885
1,595.071,250.567,966,595.000,251.000,0.439
1777,8.187,252.348,967,8.000,252.000,0.395
1776,14.507,253.100,968,15.000,253.000,0.503
1775,26.059,253.463,969,27.000,254.500,1.400
1774,61.364,253.105,970,62.000,255.000,1.999
1772,81.494,252.862,971,80.919,253.865,1.156
1752,175.973,251.951,972,176.000,252.000,0.056
1733,195.449,254.917,973,196.059,254.294,0.871
1736,210.112,253.022,974,210.000,253.000,0.114
1346,294.975,258.307,975,295.707,258.533,0.766
1771,45.574,254.985,976,44.000,255.929,1.835
1757,122.472,255.317,977,122.981,255.887,0.764
1740,188.548,255.006,978,187.000,255.500,1.625
1544,281.831,255.555,979,279.512,254.977,2.390
790,324.404,254.479,980,324.000,254.000,0.627
307,346.550,254.382,981,348.500,255.000,2.046
1769,36.323,255.812,982,36.000,256.000,0.373
1764,71.487,256.212,983,71.000,256.000,0.531
1760,88.996,256.538,984,89.000,257.000,0.462
1749,94.155,261.923,985,94.500,259.500,2.448
1692,216.588,260.145,986,216.500,258.000,2.147
1673,243.289,257.467,987,243.000,257.000,0.550
1015,309.282,266.313,988,309.878,265.176,1.284
19,360.450,257.347,989,359.500,258.500,1.494
1665,233.660,260.639,990,233.081,259.608,1.183
1755,3.622,265.025,991,3.686,263.216,1.810
1545,267.283,261.482,992,267.000,261.000,0.559
1502,277.287,260.487,993,278.500,261.500,1.580
46,343.233,265.006,994,344.023,262.512,2.616
1754,46.374,262.085,995,46.000,262.000,0.383
1739,116.156,263.498,996,116.000,263.000,0.522
1723,133.223,264.341,997,133.914,263.571,1.034
1728,141.361,262.031,998,141.000,262.000,0.363
1717,164.743,262.373,999,165.000,262.000,0.453
1708,191.807,262.437,1000,192.000,262.000,0.478
1607,252.251,261.928,1001,252.000,262.000,0.261
1576,259.329,262.581,1002,259.000,263.000,0.533
812,325.336,262.937,1003,325.000,263.000,0.342
402,351.809,261.980,1004,352.000,262.000,0.192
1753,11.582,265.419,1005,12.000,265.000,0.592
1735,109.113,265.078,1006,109.000,265.000,0.137
1748,58.574,265.512,1007,59.000,266.000,0.648
1741,66.977,267.396,1008,69.000,269.000,2.581
1699,184.102,265.763,1009,184.000,266.000,0.258
1630,208.939,271.512,1010,207.564,270.154,1.933
1624,227.025,267.234,1011,227.000,267.000,0.235
1288,287.239,266.675,1012,287.000,267.000,0.403
295,371.250,266.759,1013,371.000,267.000,0.347
4,464.915,265.856,1014,465.000,266.000,0.168
119,43.950,267.681,1015,44.000,268.000,0.323
1738,77.937,268.319,1016,78.500,268.500,0.591
1539,244.489,270.961,1017,246.488,269.488,2.483
52,336.502,268.962,1018,337.000,269.000,0.500
506,352.564,268.899,1019,353.000,269.000,0.447
2,592.785,268.626,1020,593.000,269.000,0.432
1746,21.422,269.716,1021,21.000,270.000,0.509
1720,100.830,270.376,1022,101.000,270.000,0.412
1476,256.696,273.114,1023,256.000,273.814,0.986
1744,4.258,271.827,1024,4.000,272.000,0.311
1731,53.189,272.379,1025,53.000,272.000,0.424
1716,92.414,273.183,1026,92.000,273.000,0.453
1693,146.269,273.789,1027,146.981,274.887,1.308
1689,159.758,272.554,1028,160.000,273.000,0.508
109,185.487,279.991,1029,184.210,278.250,2.159
1426,264.906,273.469,1030,265.000,274.500,1.035
543,359.828,279.211,1031,360.233,279.323,0.421
350,374.932,272.867,1032,375.500,274.500,1.729
1732,38.786,274.051,1033,38.000,275.000,1.232
1719,79.967,274.501,1034,80.000,275.000,0.500
1671,171.777,274.008,1035,172.000,274.000,0.223
1597,215.950,275.232,1036,216.000,275.000,0.237
106,230.069,276.877,1037,229.265,276.926,0.806
1315,274.393,275.243,1038,274.500,276.500,1.262
906,317.891,278.898,1039,318.500,276.500,2.474
825,327.388,276.328,1040,329.000,275.000,2.088
3,611.793,274.930,1041,612.000,275.000,0.218
1737,16.625,275.696,1042,17.000,276.000,0.483
1729,31.123,275.570,1043,31.000,276.000,0.447
1507,241.304,277.321,1044,241.000,277.000,0.442
663,344.025,276.692,1045,344.000,277.000,0.309
7,520.963,277.473,1046,521.000,277.174,0.302
1695,103.374,281.476,1047,102.224,281.039,1.230
1177,285.502,277.535,1048,286.000,278.000,0.681
1097,293.413,280.113,1049,293.000,279.500,0.739
331,389.166,279.496,1050,389.650,280.700,1.297
263,399.249,277.782,1051,399.000,278.000,0.331
1682,134.087,280.359,1052,135.500,282.000,2.166
1650,163.653,280.956,1053,164.000,281.000,0.350
1634,170.085,281.373,1054,170.000,281.000,0.382
1029,301.801,279.690,1055,302.000,280.000,0.368
732,339.046,281.438,1056,339.000,281.000,0.440
1713,26.251,287.688,1057,26.151,287.712,0.103
1714,39.083,283.412,1058,39.000,283.000,0.420
1712,55.981,283.200,1059,58.500,283.000,2.527
1657,149.517,283.264,1060,149.500,284.500,1.236
1537,208.999,286.146,1061,209.743,285.568,0.943
1444,246.950,282.411,1062,247.000,282.000,0.414
291,408.686,286.114,1063,408.614,285.947,0.181
1220,273.152,285.285,1064,273.000,285.000,0.323
344,396.557,285.230,1065,397.000,285.000,0.499
245,425.047,287.744,1066,422.488,286.512,2.840
1694,77.386,286.993,1067,77.000,287.000,0.386
1649,142.513,286.984,1068,143.000,287.000,0.487
1614,168.268,287.500,1069,168.000,287.000,0.567
97,243.341,286.730,1070,243.000,287.000,0.435
118,3.510,289.027,1071,4.000,289.000,0.491
1687,83.529,288.510,1072,84.000,289.000,0.679
1685,90.790,287.903,1073,91.000,288.000,0.232
1653,111.054,293.646,1074,110.316,293.105,0.915
1469,229.264,288.471,1075,229.500,288.000,0.527
60,330.454,287.518,1076,330.000,288.000,0.663
537,369.227,288.093,1077,369.000,288.000,0.245
18,433.839,287.762,1078,434.000,288.000,0.288
1701,55.295,289.685,1079,55.000,290.000,0.432
1679,67.627,295.921,1080,66.543,295.581,1.136
1637,133.258,291.255,1081,133.500,291.000,0.352
1520,182.020,300.931,1082,182.426,298.949,2.024
1552,190.833,291.274,1083,191.000,291.000,0.321
1336,253.236,289.830,1084,253.000,290.000,0.291
74,273.763,290.881,1085,272.500,291.500,1.407
700,346.251,289.883,1086,346.000,290.000,0.277
521,374.886,290.701,1087,375.000,291.000,0.320
494,385.730,296.203,1088,386.000,294.577,1.649
416,392.872,291.825,1089,393.000,291.500,0.349
1709,14.299,291.900,1090,14.000,292.000,0.315
341,414.759,295.726,1091,415.500,294.500,1.432
9,515.178,292.436,1092,515.000,292.000,0.471
114,26.378,297.160,1093,24.317,297.367,2.072
1590,162.432,295.486,1094,162.000,295.000,0.651
1394,237.393,295.196,1095,238.127,295.618,0.847
940,310.657,295.609,1096,308.500,295.000,2.241
12,493.524,294.161,1097,494.000,294.000,0.502
8,551.937,294.484,1098,552.000,294.000,0.488
1696,10.574,299.240,1099,10.017,297.293,2.025
1660,91.910,296.491,1100,92.500,297.500,1.169
1654,100.035,296.404,1101,100.000,296.000,0.405
1628,121.871,297.092,1102,123.500,297.000,1.632
1613,138.246,297.298,1103,138.000,297.000,0.387
1039,293.600,296.283,1104,294.000,296.000,0.490
308,424.207,296.568,1105,424.000,297.000,0.479
5,634.228,296.071,1106,634.000,296.000,0.239
1683,44.598,298.009,1107,44.000,300.000,2.079
1548,156.659,305.584,1108,156.279,306.375,0.878
1462,211.425,299.163,1109,209.500,299.000,1.932
875,321.958,297.941,1110,322.000,298.000,0.072
725,347.162,298.085,1111,347.000,298.000,0.183
248,448.561,298.868,1112,449.435,300.032,1.456
1678,51.235,299.717,1113,51.000,300.000,0.368
1546,162.863,303.597,1114,163.500,302.500,1.269
1428,219.356,300.701,1115,220.500,301.000,1.182
1111,276.233,301.667,1116,277.778,300.844,1.750
960,306.191,302.492,1117,305.302,303.906,1.670
636,364.285,300.704,1118,364.000,301.000,0.411
1680,31.452,302.818,1119,31.000,303.000,0.487
1623,104.425,303.300,1120,106.488,303.535,2.076
1608,122.807,303.316,1121,120.500,302.500,2.447
1598,130.061,304.223,1122,130.341,304.317,0.296
1248,250.699,301.688,1123,251.000,302.000,0.434
1197,256.889,304.957,1124,258.909,305.982,2.266
1023,293.074,301.729,1125,293.000,302.000,0.281
705,352.506,302.447,1126,352.909,301.909,0.672
618,372.783,306.161,1127,372.500,304.000,2.179
569,379.383,302.715,1128,381.000,304.000,2.065
422,411.921,306.583,1129,413.000,304.500,2.345
112,56.532,303.912,1130,57.000,304.000,0.477
82,244.810,304.680,1131,243.000,305.000,1.838
890,319.026,307.052,1132,321.500,305.500,2.920
833,330.917,304.464,1133,331.000,304.000,0.471
485,399.142,306.286,1134,398.532,306.043,0.657
1645,69.978,307.051,1135,69.643,307.762,0.786
89,230.613,306.337,1136,231.000,306.000,0.513
1054,285.003,307.300,1137,285.000,307.500,0.200
247,464.415,306.072,1138,465.500,306.500,1.166
1663,33.279,308.883,1139,33.000,309.000,0.302
1588,117.150,311.973,1140,118.703,312.662,1.699
1534,149.432,312.017,1141,147.958,311.271,1.651
1415,205.403,312.969,1142,204.000,311.208,2.252
707,356.422,310.597,1143,357.000,309.500,1.240
278,457.179,309.011,1144,459.500,310.500,2.757
16,494.467,309.026,1145,494.000,309.000,0.467
91,218.944,311.307,1146,219.000,311.000,0.312
398,431.480,315.730,1147,431.500,313.500,2.230
1647,45.818,313.232,1148,46.000,313.000,0.295
1626,57.071,316.365,1149,56.512,318.560,2.265
1553,134.411,313.159,1150,134.562,314.417,1.267
1454,182.852,316.520,1151,181.329,316.068,1.589
1252,235.629,314.264,1152,235.436,314.364,0.217
1188,250.901,312.997,1153,250.500,314.500,1.556
1118,267.283,312.895,1154,267.000,313.000,0.302
1664,13.066,313.567,1155,13.000,314.500,0.936
1655,29.452,314.380,1156,29.000,314.000,0.590
108,104.384,313.791,1157,104.000,314.000,0.437
991,295.136,314.192,1158,295.000,314.000,0.236
876,322.528,315.230,1159,323.000,315.000,0.525
836,332.038,316.502,1160,331.500,316.000,0.735
37,416.616,315.016,1161,417.000,315.000,0.385
1644,21.272,320.626,1162,22.804,318.876,2.326
1577,112.734,317.053,1163,113.000,317.000,0.271
1076,274.211,317.466,1164,274.000,317.000,0.512
1040,283.478,317.046,1165,283.000,317.000,0.480
256,482.940,316.438,1166,483.000,316.000,0.442
1420,195.042,318.543,1167,195.500,319.000,0.647
1337,214.971,318.242,1168,215.000,318.000,0.244
550,398.969,319.259,1169,398.000,321.500,2.442
505,409.473,319.304,1170,409.000,319.000,0.563
356,448.196,317.789,1171,448.000,318.000,0.288
334,455.791,318.892,1172,457.539,320.934,2.688
13,532.801,318.019,1173,533.000,318.000,0.200
1448,178.336,321.188,1174,178.000,321.000,0.385
1255,228.371,320.107,1175,228.000,320.000,0.386
765,350.551,320.703,1176,351.000,321.000,0.538
697,363.099,320.650,1177,363.000,321.000,0.364
633,383.879,325.023,1178,386.312,323.922,2.671
1592,68.164,327.764,1179,67.103,327.141,1.231
1589,84.528,323.492,1180,85.000,323.000,0.682
1565,95.548,326.755,1181,93.622,325.178,2.489
1489,146.384,326.278,1182,144.885,326.564,1.526
1166,246.652,323.205,1183,247.000,323.000,0.404
1007,287.599,322.870,1184,288.000,323.000,0.422
859,327.439,324.980,1185,325.614,324.932,1.826
656,375.870,321.707,1186,374.577,323.212,1.984
477,419.738,321.828,1187,420.000,322.000,0.314
316,467.665,321.605,1188,468.000,322.000,0.518
11,586.091,322.186,1189,586.000,322.000,0.207
1638,4.148,326.656,1190,4.912,326.947,0.818
1616,35.375,327.853,1191,34.780,326.400,1.571
1352,199.727,326.615,1192,197.500,326.000,2.311
1308,213.339,323.802,1193,213.000,324.000,0.392
1105,261.544,324.658,1194,262.000,325.000,0.570
405,441.244,324.192,1195,441.000,324.000,0.311
298,480.232,324.516,1196,478.583,325.562,1.953
10,597.291,325.255,1197,597.000,325.000,0.387
1627,16.764,327.903,1198,17.840,329.123,1.627
1458,165.072,325.769,1199,165.000,326.000,0.242
1066,271.288,327.171,1200,271.000,327.000,0.335
1026,281.067,327.027,1201,281.000,327.000,0.073
955,302.117,327.012,1202,302.000,327.000,0.118
759,353.708,327.131,1203,354.000,327.000,0.320
515,414.846,326.231,1204,415.000,326.000,0.278
271,498.058,327.191,1205,498.000,327.000,0.200
1610,41.346,328.971,1206,41.000,329.000,0.347
1556,86.165,331.713,1207,86.000,332.000,0.331
1433,172.808,327.659,1208,173.000,328.000,0.391
1239,223.173,328.194,1209,223.000,328.000,0.260
1134,251.854,327.749,1210,252.000,328.000,0.291
985,292.310,328.281,1211,292.000,328.000,0.418
473,428.427,328.486,1212,428.000,328.000,0.646
419,448.113,332.017,1213,448.500,330.000,2.054
302,486.659,328.577,1214,488.018,330.127,2.061
17,540.586,328.838,1215,541.000,329.000,0.444
1372,188.166,330.819,1216,188.000,331.000,0.245
804,343.806,331.224,1217,345.667,333.000,2.572
518,419.326,330.837,1218,419.000,331.000,0.365
281,504.347,333.705,1219,503.055,333.964,1.318
1593,50.804,333.393,1220,51.000,333.000,0.440
1573,71.794,333.011,1221,72.000,333.000,0.206
1524,110.110,332.475,1222,110.000,332.000,0.487
1514,117.226,332.100,1223,118.500,334.500,2.717
75,228.332,336.763,1224,229.500,334.500,2.547
926,308.910,331.507,1225,309.000,332.000,0.501
679,375.426,333.019,1226,375.000,333.000,0.427
264,511.681,331.623,1227,512.000,332.000,0.494
251,524.710,334.453,1228,526.269,335.436,1.843
1530,101.620,334.266,1229,101.750,336.433,2.171
1313,199.189,334.261,1230,199.000,334.000,0.322
1129,245.512,338.671,1231,246.333,338.667,0.821
56,366.337,334.699,1232,366.000,335.000,0.452
47,401.281,334.424,1233,401.000,334.000,0.508
1318,191.422,338.956,1234,192.000,337.500,1.566
511,428.789,336.976,1235,429.000,337.000,0.213
373,470.645,336.432,1236,472.500,337.000,1.940
353,482.216,337.284,1237,482.000,337.000,0.357
1583,49.677,339.353,1238,50.000,339.000,0.478
1547,74.469,339.174,1239,74.000,339.000,0.500
1329,180.651,345.468,1240,180.561,344.037,1.433
1232,215.514,337.529,1241,216.000,338.000,0.676
1084,257.544,337.932,1242,257.500,338.000,0.081
982,289.798,339.442,1243,290.000,339.000,0.486
905,315.112,343.046,1244,315.443,341.295,1.781
830,338.160,338.865,1245,338.000,339.000,0.209
638,391.775,338.759,1246,392.759,339.983,1.570
561,420.849,344.430,1247,420.735,345.205,0.783
408,465.516,342.262,1248,463.815,340.704,2.307
284,513.315,339.149,1249,513.000,339.000,0.349
1517,95.198,340.856,1250,95.000,341.000,0.245
1455,138.388,340.912,1251,138.000,341.000,0.398
1447,144.834,340.484,1252,145.000,341.000,0.542
99,151.161,340.537,1253,151.000,341.000,0.491
1272,201.399,339.538,1254,201.000,340.000,0.610
1061,264.865,341.456,1255,265.000,341.000,0.475
746,361.867,340.182,1256,362.000,340.000,0.225
579,411.521,339.787,1257,411.000,340.000,0.563
466,446.979,341.937,1258,448.000,341.000,1.386
336,492.130,340.173,1259,492.000,340.000,0.216
1605,5.848,342.846,1260,6.000,343.000,0.217
1601,13.915,343.035,1261,15.000,342.561,1.184
1584,32.750,345.220,1262,33.571,346.247,1.315
1564,48.662,344.955,1263,47.000,344.000,1.916
1557,57.619,342.273,1264,58.000,342.000,0.469
1475,115.287,347.327,1265,114.013,346.293,1.640
1403,162.731,342.714,1266,163.000,343.000,0.392
1216,211.227,346.227,1267,210.885,345.115,1.163
772,355.488,342.482,1268,355.000,342.000,0.686
712,371.543,343.129,1269,372.000,343.000,0.475
500,436.685,341.957,1270,437.000,342.000,0.318
15,592.331,343.797,1271,592.500,343.000,0.814
1452,131.189,346.747,1272,130.000,346.000,1.404
805,346.964,343.713,1273,347.000,344.000,0.289
385,485.252,349.204,1274,485.808,347.577,1.719
1519,77.351,347.480,1275,77.000,347.000,0.595
1354,172.103,346.383,1276,172.000,345.826,0.566
976,289.853,347.422,1277,291.000,347.500,1.150
865,327.907,346.270,1278,328.000,346.000,0.285
658,397.990,355.083,1279,398.055,354.952,0.146
266,544.116,347.457,1280,544.000,347.000,0.471
843,334.117,348.079,1281,334.000,348.000,0.141
757,362.075,347.643,1282,362.552,348.414,0.906
741,369.708,353.382,1283,371.725,354.100,2.141
332,508.317,347.945,1284,508.000,348.000,0.322
257,550.259,348.455,1285,550.000,348.000,0.523
1582,9.002,354.324,1286,9.108,356.634,2.313
1563,23.060,355.011,1287,22.303,356.171,1.386
1551,44.205,349.932,1288,44.000,350.000,0.216
1493,93.351,350.884,1289,93.371,351.323,0.439
1367,154.485,356.165,1290,154.291,354.564,1.613
1231,202.398,349.873,1291,202.000,350.000,0.418
1034,268.906,350.084,1292,269.000,350.000,0.126
1006,276.923,350.242,1293,277.000,350.000,0.253
988,284.438,350.033,1294,284.000,350.000,0.440
803,349.012,349.646,1295,349.000,350.000,0.354
533,434.814,350.499,1296,435.000,350.000,0.533
461,459.611,351.312,1297,458.000,351.926,1.725
1515,70.097,353.117,1298,70.000,353.000,0.152
1472,106.417,353.050,1299,106.000,353.000,0.420
1419,143.011,351.657,1300,143.000,352.000,0.343
1345,162.449,355.457,1301,164.488,353.977,2.520
88,173.217,353.198,1302,174.000,355.000,1.965
432,473.016,353.148,1303,473.000,353.000,0.149
412,479.187,352.620,1304,479.000,353.000,0.424
297,534.388,352.956,1305,534.000,353.000,0.391
1526,56.026,354.580,1306,56.000,355.000,0.421
1505,80.444,354.485,1307,80.000,354.000,0.658
1424,134.193,353.745,1308,134.000,354.000,0.319
1246,191.399,355.363,1309,191.000,355.000,0.539
1059,257.565,355.604,1310,258.000,355.500,0.447
355,508.562,354.345,1311,509.000,354.000,0.558
289,540.139,354.125,1312,540.000,354.000,0.187
269,554.603,353.973,1313,555.000,354.000,0.398
1532,44.309,357.306,1314,44.000,357.000,0.434
1211,202.444,356.348,1315,202.000,356.000,0.564
1121,234.828,356.831,1316,235.000,357.000,0.241
352,524.766,362.672,1317,524.642,360.255,2.420
1492,74.233,360.646,1318,74.000,359.500,1.169
1142,222.800,361.773,1319,221.936,360.213,1.783
827,342.565,358.943,1320,343.000,359.000,0.438
799,352.752,360.681,1321,354.702,361.762,2.230
709,380.838,359.299,1322,381.000,359.000,0.340
476,463.771,357.854,1323,464.000,358.000,0.271
440,477.530,358.851,1324,478.000,359.000,0.493
31,497.548,364.271,1325,496.373,364.591,1.218
317,535.469,359.237,1326,536.661,360.984,2.115
273,560.058,358.902,1327,560.000,359.000,0.114
259,572.448,359.119,1328,574.000,358.500,1.671
240,584.217,358.415,1329,584.000,358.000,0.469
1030,264.367,361.007,1330,264.000,361.000,0.367
989,280.021,360.678,1331,280.000,361.000,0.323
916,308.943,361.246,1332,311.000,362.000,2.191
604,424.160,364.353,1333,423.863,364.658,0.425
551,439.830,360.480,1334,441.500,360.500,1.670
513,453.560,360.040,1335,453.586,360.552,0.512
1523,40.978,363.044,1336,41.000,363.000,0.049
1381,138.659,363.437,1337,139.500,365.000,1.775
1294,164.929,365.196,1338,165.797,364.835,0.941
1202,199.713,362.197,1339,202.000,363.000,2.423
1171,211.952,361.720,1340,212.000,362.000,0.285
949,296.440,365.344,1341,297.296,366.000,1.079
1531,29.240,365.436,1342,29.000,365.000,0.497
1402,128.171,365.407,1343,128.000,365.000,0.442
1353,146.323,365.071,1344,146.000,365.000,0.330
311,555.393,368.331,1345,554.793,366.810,1.635
292,564.749,367.325,1346,566.889,366.667,2.239
258,584.458,364.712,1347,584.000,365.000,0.541
252,589.805,364.873,1348,590.000,365.000,0.233
1508,44.426,368.775,1349,45.000,368.000,0.965
1453,94.937,366.987,1350,95.000,367.000,0.065
1233,182.322,368.417,1351,180.737,368.158,1.606
1001,271.609,367.464,1352,272.000,367.000,0.607
981,282.125,368.212,1353,284.000,367.000,2.233
842,336.720,367.197,1354,335.000,367.500,1.747
59,369.704,369.667,1355,370.315,368.556,1.268
696,387.968,367.164,1356,388.000,367.000,0.167
392,512.123,369.288,1357,511.191,367.936,1.642
1405,121.209,368.786,1358,121.419,371.355,2.577
1292,158.555,370.891,1359,158.000,369.500,1.498
1122,226.413,368.161,1360,226.000,368.000,0.444
1050,254.068,369.342,1361,254.000,369.000,0.348
923,305.986,368.329,1362,306.000,368.000,0.329
664,406.212,371.898,1363,405.328,372.410,1.021
255,598.668,370.409,1364,599.500,369.589,1.168
1516,28.813,371.292,1365,26.312,371.271,2.501
1486,57.201,372.049,1366,56.619,372.024,0.583
1425,101.313,373.096,1367,101.000,372.000,1.140
1205,191.228,370.110,1368,191.000,370.000,0.253
682,397.099,371.314,1369,397.000,371.000,0.329
637,414.867,370.296,1370,415.000,370.000,0.324
349,537.655,370.203,1371,538.208,372.283,2.152
1474,69.686,371.940,1372,70.000,372.000,0.320
1317,147.554,372.765,1373,148.000,373.000,0.504
823,347.091,372.483,1374,347.000,372.000,0.492
718,383.871,372.065,1375,383.426,373.907,1.896
603,431.593,372.369,1376,432.000,372.000,0.549
584,440.012,372.953,1377,440.091,372.909,0.090
549,452.282,372.541,1378,451.415,374.679,2.307
272,589.740,372.648,1379,590.000,373.000,0.437
1497,40.933,375.139,1380,38.512,376.023,2.578
1395,111.060,378.930,1381,111.500,376.500,2.470
902,314.231,375.466,1382,314.000,375.000,0.520
878,322.782,373.724,1383,323.000,374.000,0.351
800,357.106,377.573,1384,357.500,376.500,1.143
58,374.793,374.614,1385,375.000,375.000,0.438
472,486.252,375.664,1386,482.977,376.750,3.450
395,518.466,374.359,1387,518.000,374.000,0.588
254,610.415,375.252,1388,610.000,375.000,0.485
1443,86.699,375.570,1389,87.000,376.000,0.524
856,334.034,379.778,1390,335.000,378.500,1.602
512,472.409,376.931,1391,472.000,377.000,0.414
300,583.221,379.589,1392,582.500,378.500,1.306
241,625.827,378.359,1393,625.000,377.500,1.192
1522,6.126,378.529,1394,6.507,378.254,0.470
1442,77.115,381.391,1395,76.942,381.423,0.175
1172,196.043,379.369,1396,195.500,380.500,1.254
72,215.877,377.797,1397,215.500,379.500,1.744
717,389.037,382.134,1398,390.500,380.000,2.587
545,463.407,381.840,1399,464.628,382.395,1.342
1478,46.006,381.260,1400,46.000,381.000,0.261
1266,157.098,379.786,1401,159.000,382.000,2.919
1041,250.907,384.959,1402,252.500,383.000,2.525
65,293.367,381.204,1403,292.000,383.500,2.672
819,349.896,379.852,1404,350.000,380.000,0.181
648,418.340,381.499,1405,418.000,381.000,0.604
35,503.455,382.179,1406,503.644,381.915,0.324
444,512.807,388.188,1407,512.351,387.959,0.511
384,533.619,380.916,1408,534.000,381.000,0.390
357,550.364,379.950,1409,549.909,379.909,0.457
327,571.982,382.695,1410,573.814,382.047,1.943
1456,60.928,383.696,1411,61.891,385.500,2.045
1418,92.880,383.429,1412,93.000,383.000,0.445
771,371.498,388.107,1413,371.090,388.484,0.555
613,435.792,382.496,1414,436.000,382.000,0.537
371,541.844,381.632,1415,542.000,382.000,0.400
333,566.042,382.530,1416,566.000,383.000,0.472
299,608.295,392.469,1417,609.561,389.750,2.999
1499,20.293,384.774,1418,20.000,385.000,0.370
1479,38.328,385.122,1419,38.500,385.000,0.210
1350,120.517,384.534,1420,121.000,385.000,0.672
1298,140.420,384.544,1421,140.000,385.000,0.620
1083,227.131,387.155,1422,226.283,386.943,0.873
1077,233.040,383.708,1423,233.000,384.000,0.294
301,591.070,383.824,1424,591.000,384.000,0.190
1334,126.641,385.662,1425,127.000,386.000,0.493
1240,154.028,391.013,1426,153.397,391.629,0.883
1018,257.160,389.855,1427,258.691,389.055,1.728
914,308.174,386.772,1428,308.000,387.000,0.287
401,533.634,387.239,1429,533.500,389.000,1.766
253,636.472,387.165,1430,634.735,387.571,1.784
1504,8.960,388.667,1431,9.000,389.000,0.335
1414,88.267,388.834,1432,88.000,389.000,0.314
1366,101.205,393.560,1433,100.047,391.672,2.215
1184,181.118,389.593,1434,178.402,390.467,2.853
1145,199.547,388.095,1435,200.000,388.000,0.463
691,402.830,389.024,1436,404.500,391.500,2.987
367,560.238,391.557,1437,558.844,391.044,1.485
1482,24.472,391.466,1438,24.000,391.000,0.663
1045,245.301,391.074,1439,245.000,391.000,0.310
995,268.396,389.853,1440,268.000,390.000,0.422
891,316.464,395.288,1441,316.818,394.258,1.089
676,412.960,391.152,1442,413.000,391.000,0.158
602,451.155,395.480,1443,452.689,394.377,1.888
499,491.581,389.905,1444,492.000,390.000,0.430
348,571.841,390.465,1445,572.000,392.000,1.543
335,578.354,390.126,1446,578.000,390.000,0.376
1467,34.751,393.042,1447,32.956,394.333,2.212
1449,49.905,393.260,1448,50.000,393.000,0.277
1301,124.784,395.974,1449,126.500,394.000,2.616
64,330.793,392.957,1450,330.000,395.500,2.664
822,352.859,396.611,1451,352.240,396.040,0.842
734,392.779,399.882,1452,392.859,398.654,1.231
625,439.904,394.252,1453,441.500,393.500,1.765
534,477.730,392.444,1454,477.950,394.000,1.572
325,592.066,393.746,1455,592.000,395.423,1.678
1397,84.776,395.676,1456,86.081,396.081,1.367
1340,110.675,395.147,1457,111.000,395.000,0.356
1120,207.519,394.335,1458,207.558,396.488,2.154
556,470.764,394.183,1459,471.000,394.000,0.299
1483,13.061,397.232,1460,13.000,397.000,0.239
1192,169.692,396.162,1461,170.000,396.000,0.348
1049,240.241,397.368,1462,240.448,396.414,0.977
947,290.926,399.527,1463,289.493,398.947,1.546
55,398.673,396.314,1464,399.000,396.000,0.453
644,432.058,396.235,1465,432.000,395.826,0.413
343,585.971,396.911,1466,586.000,397.000,0.094
287,624.092,396.969,1467,626.000,399.000,2.786
1268,134.133,398.898,1468,134.000,399.000,0.168
1094,217.633,397.733,1469,218.000,398.000,0.454
1067,231.066,398.369,1470,231.000,398.000,0.375
978,274.350,399.032,1471,274.000,399.000,0.352
689,409.653,401.042,1472,411.500,400.000,2.121
529,486.724,399.238,1473,487.000,399.000,0.364
498,505.577,401.269,1474,505.800,400.900,0.431
1487,0.356,400.129,1475,0.846,400.000,0.506
1463,21.260,401.958,1476,21.474,401.649,0.375
1451,36.805,400.239,1477,37.000,400.000,0.309
1401,71.983,402.910,1478,70.783,404.641,2.107
1229,148.546,400.632,1479,149.000,401.000,0.585
1128,200.066,399.872,1480,200.000,400.000,0.144
787,369.753,399.574,1481,370.000,400.000,0.492
34,529.823,402.171,1482,529.186,401.356,1.034
430,538.949,401.253,1483,539.000,401.000,0.258
386,561.487,400.315,1484,561.000,400.000,0.580
375,571.273,401.454,1485,570.203,403.217,2.063
279,636.277,399.786,1486,636.000,400.000,0.350
1435,46.093,401.772,1487,46.000,402.000,0.246
1423,54.498,402.946,1488,54.000,403.000,0.501
1289,121.289,401.740,1489,123.000,403.000,2.125
1143,188.042,404.811,1490,188.082,402.902,1.910
69,241.538,403.270,1491,242.000,403.000,0.535
609,454.871,402.655,1492,455.000,403.000,0.368
568,473.478,401.920,1493,471.500,404.000,2.871
319,619.352,406.182,1494,619.109,405.236,0.977
76,163.704,403.987,1495,164.000,404.000,0.296
1063,229.246,404.236,1496,229.000,404.000,0.340
1053,234.828,403.978,1497,235.000,404.000,0.173
897,314.161,406.810,1498,314.451,406.196,0.679
647,434.451,404.468,1499,434.000,404.000,0.650
524,494.079,404.157,1500,494.000,404.000,0.176
1321,102.159,406.196,1501,102.000,406.000,0.253
1169,173.457,405.753,1502,173.000,406.000,0.520
1155,179.906,406.498,1503,180.000,406.000,0.507
1082,215.739,405.933,1504,214.486,406.432,1.349
698,409.216,407.360,1505,410.011,409.549,2.330
1348,88.961,407.993,1506,89.000,408.000,0.039
1300,109.282,409.101,1507,109.500,410.000,0.925
1269,120.015,408.677,1508,118.500,409.500,1.724
968,276.835,408.767,1509,277.000,409.000,0.286
798,366.262,409.378,1510,368.702,410.106,2.546
770,378.805,408.419,1511,379.000,408.000,0.463
562,485.742,411.671,1512,486.000,410.500,1.199
415,555.819,407.682,1513,556.000,408.000,0.366
342,606.513,408.554,1514,607.000,409.000,0.660
1360,80.492,410.778,1515,80.000,411.000,0.540
1215,146.561,410.150,1516,147.000,410.000,0.464
1193,154.972,411.287,1517,155.000,410.500,0.787
1161,169.302,414.577,1518,166.780,415.044,2.565
998,256.216,411.850,1519,256.895,412.789,1.159
980,270.327,411.438,1520,270.000,411.000,0.546
849,339.259,413.187,1521,342.099,413.437,2.851
751,389.272,409.896,1522,389.000,410.000,0.291
574,478.822,409.620,1523,479.292,410.000,0.604
492,519.216,409.750,1524,519.000,410.000,0.330
462,534.652,411.426,1525,535.000,411.000,0.550
361,594.474,410.103,1526,594.000,410.000,0.485
321,633.550,415.044,1527,633.328,415.000,0.226
1434,29.413,412.852,1528,29.000,413.000,0.439
1409,47.866,415.189,1529,47.341,418.396,3.250
938,291.462,419.876,1530,291.829,417.868,2.041
910,307.478,415.180,1531,307.000,415.000,0.511
879,323.403,412.310,1532,323.000,412.000,0.508
821,356.599,413.779,1533,356.424,413.030,0.769
667,429.799,411.523,1534,430.000,412.000,0.517
654,438.693,413.417,1535,438.909,413.091,0.391
429,557.887,414.179,1536,560.000,413.500,2.219
387,579.544,412.357,1537,580.000,412.000,0.579
359,600.757,412.122,1538,600.500,413.000,0.914
1437,16.666,418.121,1539,17.095,417.337,0.894
1368,65.067,417.076,1540,64.519,418.407,1.440
1060,224.733,415.308,1541,225.000,415.000,0.408
1024,243.188,415.267,1542,243.000,415.000,0.326
614,461.335,414.370,1543,461.000,414.000,0.500
523,507.003,416.039,1544,506.346,418.462,2.510
339,620.509,415.490,1545,619.000,416.000,1.593
1421,37.442,415.976,1546,36.000,418.500,2.906
1273,104.294,420.827,1547,102.500,419.000,2.560
1260,114.417,417.191,1548,113.500,417.500,0.967
747,393.240,415.979,1549,392.155,417.362,1.758
510,517.437,415.709,1550,517.000,416.000,0.525
463,540.234,415.981,1551,540.000,416.000,0.234
1206,142.389,418.528,1552,143.000,419.000,0.772
1141,178.111,417.870,1553,178.500,418.500,0.740
1102,195.866,423.082,1554,198.530,423.490,2.695
1064,220.425,419.057,1555,222.000,421.000,2.501
1042,233.901,419.028,1556,234.000,419.000,0.103
1014,248.399,419.136,1557,249.000,421.500,2.439
802,367.614,418.776,1558,367.909,418.909,0.323
596,473.017,418.151,1559,473.000,418.000,0.152
338,627.013,419.076,1560,627.000,419.000,0.077
1347,73.017,420.215,1561,73.500,420.000,0.529
67,255.208,419.677,1562,255.000,420.000,0.384
882,322.598,420.868,1563,322.000,421.000,0.613
721,408.453,425.483,1564,406.756,424.064,2.211
564,494.800,421.458,1565,495.000,421.000,0.499
376,598.294,419.508,1566,598.000,420.000,0.573
382,605.572,427.855,1567,604.011,426.723,1.929
1286,84.178,433.152,1568,81.304,432.217,3.023
776,382.911,426.497,1569,381.667,425.600,1.534
672,435.191,423.718,1570,434.000,423.500,1.211
650,445.352,421.502,1571,445.000,422.000,0.610
591,485.844,426.659,1572,487.333,426.333,1.524
443,559.952,424.254,1573,559.156,424.649,0.889
1174,146.872,430.622,1574,147.011,431.045,0.446
1075,209.917,427.495,1575,210.667,428.885,1.580
966,273.642,426.952,1576,271.941,426.745,1.714
959,281.233,423.699,1577,281.000,424.000,0.381
862,334.983,425.391,1578,335.000,425.000,0.391
829,354.533,426.740,1579,353.873,425.655,1.270
694,422.668,429.091,1580,424.147,428.382,1.640
617,469.662,426.811,1581,471.345,428.362,2.288
1438,2.725,426.178,1582,2.321,426.000,0.441
1411,30.096,426.546,1583,30.000,427.000,0.464
851,340.940,431.163,1584,342.000,429.000,2.409
809,366.162,428.247,1585,367.030,427.576,1.098
639,454.856,426.325,1586,455.000,426.000,0.356
1396,36.614,427.570,1587,35.500,430.000,2.673
1244,109.427,429.261,1588,109.000,429.000,0.500
1227,116.463,432.429,1589,117.256,434.140,1.886
1144,166.727,428.647,1590,167.000,429.000,0.446
986,259.126,429.341,1591,259.000,429.000,0.364
895,314.194,427.711,1592,314.000,428.000,0.348
760,393.467,430.658,1593,395.000,430.000,1.669
497,536.998,428.413,1594,537.000,428.000,0.413
439,568.949,427.647,1595,569.000,428.000,0.357
407,590.145,429.067,1596,590.000,429.000,0.160
362,622.261,427.765,1597,622.000,428.000,0.352
1351,56.687,430.085,1598,57.000,430.000,0.325
1257,99.676,431.050,1599,101.500,432.500,2.330
1190,138.620,429.685,1600,139.000,430.000,0.494
1004,245.536,432.708,1601,245.716,435.343,2.641
944,286.422,430.193,1602,286.000,430.000,0.464
931,294.532,436.219,1603,293.739,434.667,1.743
570,500.218,430.638,1604,500.000,431.000,0.423
525,521.086,429.882,1605,521.000,430.000,0.146
1400,26.000,433.438,1606,26.000,433.000,0.438
1114,180.580,434.380,1607,181.979,434.979,1.521
546,514.605,432.825,1608,515.000,433.000,0.432
490,546.820,432.306,1609,547.000,432.000,0.355
1359,47.547,434.445,1610,48.500,435.500,1.422
1036,226.864,439.208,1611,226.600,438.920,0.390
652,454.378,435.370,1612,454.000,435.000,0.528
507,539.348,434.977,1613,540.500,436.000,1.540
374,622.708,434.032,1614,623.000,434.000,0.293
1323,61.252,436.900,1615,61.000,437.000,0.271
1133,167.750,436.871,1616,167.909,436.909,0.163
915,301.954,442.120,1617,302.333,442.000,0.398
874,326.736,437.402,1618,327.000,437.000,0.481
818,363.286,441.861,1619,364.672,439.672,2.591
566,508.488,436.209,1620,508.000,436.000,0.530
480,557.703,436.228,1621,559.000,437.000,1.510
425,588.936,435.739,1622,586.500,436.500,2.552
1086,193.093,438.025,1623,193.000,440.000,1.977
1074,205.000,437.720,1624,205.000,438.000,0.280
885,319.721,437.749,1625,320.000,438.000,0.375
63,335.224,441.209,1626,335.949,440.559,0.974
745,404.170,440.000,1627,402.583,439.438,1.684
702,424.006,439.195,1628,424.000,439.000,0.195
605,486.602,439.124,1629,487.000,439.000,0.417
532,526.178,438.321,1630,526.500,440.500,2.203
452,578.325,441.754,1631,577.000,440.000,2.198
420,604.529,444.595,1632,602.938,443.667,1.842
1406,11.396,439.852,1633,11.000,440.000,0.423
1371,29.920,439.847,1634,30.000,440.000,0.173
987,255.172,440.675,1635,255.000,441.000,0.367
66,277.500,445.102,1636,277.074,443.000,2.145
723,414.132,439.829,1637,413.561,441.902,2.151
641,464.637,439.997,1638,465.174,440.000,0.537
1387,18.733,441.915,1639,19.000,442.000,0.280
1283,71.550,444.755,1640,72.781,447.288,2.816
1149,152.246,441.701,1641,152.000,442.000,0.387
1107,178.504,442.086,1642,179.000,442.000,0.503
941,285.610,443.488,1643,286.000,443.000,0.624
701,428.359,446.376,1644,428.354,446.122,0.255
632,472.854,442.274,1645,473.000,442.000,0.311
599,493.871,444.769,1646,494.500,443.500,1.416
409,612.661,446.193,1647,613.490,444.592,1.803
369,637.678,442.367,1648,637.667,442.000,0.367
1326,46.539,447.690,1649,45.774,446.690,1.259
1238,94.021,446.903,1650,93.214,446.929,0.807
1196,118.781,447.614,1651,118.315,447.167,0.646
1070,202.960,445.128,1652,204.000,446.500,1.722
1055,212.950,445.441,1653,213.000,445.000,0.444
908,308.385,443.600,1654,308.000,444.000,0.556
877,324.596,444.928,1655,324.500,446.500,1.575
773,390.331,443.882,1656,388.844,444.644,1.671
651,460.482,443.580,1657,460.000,444.000,0.640
590,503.111,445.287,1658,503.000,445.000,0.308
493,559.382,444.265,1659,559.000,444.000,0.465
433,594.303,444.575,1660,594.000,445.000,0.522
92,23.330,447.414,1661,23.500,449.000,1.595
1251,84.741,447.081,1662,85.000,447.500,0.493
1151,144.107,450.744,1663,143.683,451.908,1.239
1123,169.472,446.052,1664,167.864,447.678,2.286
622,481.502,446.664,1665,482.000,447.000,0.601
509,552.247,446.689,1666,552.000,447.000,0.397
1139,155.077,448.249,1667,155.000,448.000,0.261
70,184.094,451.516,1668,184.093,451.070,0.446
815,366.664,449.286,1669,367.000,449.000,0.442
766,398.499,447.892,1670,398.000,448.000,0.510
57,409.365,448.798,1671,409.000,449.000,0.417
684,439.625,450.270,1672,439.000,449.500,0.992
666,456.222,451.115,1673,456.162,450.044,1.073
553,526.869,448.941,1674,527.000,449.000,0.143
1342,35.697,450.376,1675,36.000,450.000,0.483
1290,61.429,450.430,1676,61.000,450.000,0.608
997,247.366,449.561,1677,247.000,450.000,0.571
974,263.342,449.591,1678,263.000,450.000,0.533
854,341.885,451.291,1679,342.500,451.500,0.649
735,416.152,451.272,1680,416.000,451.000,0.312
608,495.230,450.950,1681,495.000,451.000,0.235
438,598.754,449.888,1682,599.000,450.000,0.270
1380,4.102,455.180,1683,5.219,453.685,1.867
1365,16.650,453.414,1684,16.500,454.000,0.604
1208,105.071,454.770,1685,105.080,455.200,0.430
1013,234.078,455.390,1686,232.568,455.207,1.522
983,253.456,452.639,1687,253.000,453.000,0.581
932,291.798,456.127,1688,293.912,455.791,2.141
887,318.811,453.333,1689,319.000,453.000,0.383
837,352.050,453.289,1690,354.500,453.500,2.459
536,539.486,452.467,1691,539.000,452.000,0.673
527,545.476,453.215,1692,545.000,453.000,0.522
470,583.664,454.630,1693,585.364,454.455,1.709
421,614.228,452.554,1694,614.000,453.000,0.501
400,633.285,455.283,1695,633.250,456.167,0.884
948,280.095,455.327,1696,279.057,455.358,1.039
807,373.678,454.576,1697,374.000,455.000,0.532
784,388.164,453.844,1698,390.000,455.500,2.472
628,486.517,455.429,1699,487.000,455.000,0.646
594,506.702,455.407,1700,507.000,455.000,0.504
519,554.380,455.667,1701,555.030,455.576,0.656
488,573.158,454.160,1702,574.500,455.000,1.584
1330,30.251,459.125,1703,29.021,458.596,1.339
1235,82.945,458.628,1704,82.384,460.740,2.186
1109,167.333,456.724,1705,167.000,457.174,0.559
967,265.494,456.302,1706,265.000,456.000,0.578
899,312.243,456.337,1707,312.000,456.000,0.416
817,367.133,456.675,1708,367.000,457.000,0.351
737,418.122,457.186,1709,418.000,457.000,0.222
1271,58.027,459.958,1710,56.000,459.000,2.242
1210,99.970,458.985,1711,100.000,459.000,0.033
869,333.321,458.334,1712,333.000,458.000,0.463
769,401.011,461.999,1713,401.500,460.000,2.058
687,441.701,457.727,1714,443.000,460.500,3.062
615,496.436,459.083,1715,496.500,460.500,1.418
575,526.440,460.576,1716,524.648,460.484,1.794
554,540.204,463.247,1717,541.250,465.000,2.041
535,546.697,459.401,1718,548.000,461.500,2.471
1218,92.603,460.217,1719,93.000,460.000,0.453
1088,178.503,460.087,1720,179.000,460.000,0.505
1057,203.134,459.792,1721,203.000,460.000,0.248
979,256.840,459.571,1722,257.500,460.000,0.788
711,432.567,462.861,1723,431.000,461.500,2.075
640,480.133,461.306,1724,480.000,461.500,0.235
1332,18.857,467.261,1725,15.376,468.235,3.615
1303,39.053,463.475,1726,39.000,463.000,0.478
1124,156.620,463.053,1727,157.000,463.000,0.383
1033,215.907,464.852,1728,216.614,463.591,1.446
984,250.175,462.701,1729,247.500,464.000,2.973
749,413.267,466.220,1730,411.618,465.145,1.968
520,563.297,463.954,1731,561.143,463.857,2.157
483,590.868,464.448,1732,590.170,465.434,1.208
1274,50.520,465.494,1733,49.500,464.500,1.424
1176,113.460,464.872,1734,113.000,465.000,0.477
1168,121.278,464.827,1735,121.000,465.000,0.327
1047,208.719,464.103,1736,209.000,464.000,0.299
962,269.422,464.706,1737,269.000,465.000,0.514
912,302.768,464.350,1738,303.000,464.000,0.420
868,335.146,464.983,1739,334.339,464.419,0.985
835,356.941,464.128,1740,357.860,465.907,2.002
665,465.487,465.465,1741,465.500,467.000,1.535
657,473.463,464.546,1742,473.000,465.000,0.648
635,487.001,463.887,1743,488.907,465.419,2.445
1073,189.131,466.477,1744,190.000,467.500,1.342
943,280.237,465.850,1745,280.091,465.909,0.157
886,319.438,467.368,1746,319.000,467.000,0.572
844,348.961,470.132,1747,348.254,470.716,0.918
820,368.092,467.404,1748,368.000,467.000,0.415
600,512.745,467.120,1749,511.500,468.000,1.525
86,31.957,468.257,1750,32.000,468.000,0.261
1247,64.635,468.249,1751,67.000,469.500,2.675
1146,133.753,467.654,1752,134.000,468.000,0.425
1116,151.759,473.921,1753,151.611,472.556,1.373
1106,162.318,468.315,1754,161.909,468.091,0.466
977,255.170,467.803,1755,255.000,468.000,0.261
893,314.049,472.997,1756,313.500,470.500,2.556
722,427.823,468.875,1757,427.500,469.000,0.346
680,455.859,469.413,1758,456.000,469.000,0.437
1189,97.953,473.981,1759,96.526,473.474,1.515
1091,171.758,469.930,1760,172.000,470.000,0.252
1043,207.700,470.632,1761,208.941,471.275,1.398
1017,224.720,470.429,1762,225.788,472.024,1.919
994,240.838,471.297,1763,240.125,471.550,0.756
929,290.818,472.358,1764,292.000,473.500,1.643
917,298.993,469.737,1765,299.000,470.000,0.263
813,373.269,471.076,1766,373.000,471.000,0.279
795,386.785,470.619,1767,387.000,471.000,0.437
662,475.050,475.500,1768,475.000,473.500,2.001
486,596.891,472.810,1769,596.500,472.000,0.899
455,616.609,474.050,1770,614.843,473.698,1.801
1153,125.393,471.924,1771,125.000,472.500,0.697
1130,144.054,472.064,1772,144.000,472.000,0.084
860,339.199,471.814,1773,339.000,472.000,0.272
715,434.568,472.983,1774,435.000,473.000,0.433
514,576.397,472.365,1775,576.000,472.000,0.539
778,398.091,473.661,1776,398.000,474.000,0.351
1278,36.150,476.426,1777,36.000,476.000,0.451
1258,47.826,475.883,1778,46.000,476.500,1.927
1219,75.677,476.399,1779,76.000,476.000,0.513
1209,84.117,475.677,1780,84.000,476.000,0.343
1175,105.738,475.908,1781,106.000,476.000,0.278
791,392.114,477.221,1782,392.333,477.208,0.220
50,500.245,476.258,1783,500.000,476.000,0.356
616,509.677,475.945,1784,510.000,476.000,0.327
588,532.805,477.015,1785,533.000,477.000,0.195
558,549.432,475.937,1786,549.000,476.000,0.436
1322,7.006,478.260,1787,7.000,477.667,0.593
1136,132.548,478.758,1788,133.000,478.154,0.755
1103,157.851,478.416,1789,158.000,477.667,0.764
1079,174.125,479.296,1790,174.000,478.154,1.149
1025,213.432,479.159,1791,213.000,478.154,1.095
861,339.630,479.320,1792,340.000,478.154,1.223
801,383.780,478.953,1793,384.000,478.154,0.829
752,417.299,479.481,1794,417.000,478.154,1.360
739,425.128,478.583,1795,425.188,478.062,0.523
526,572.590,478.819,1796,573.000,478.154,0.781
